is_number,title,year,status,category,keywords,related_service,source_url
IS/IEC 62368: Part 1: 2023,"Audio/Video, Information and Communication Technology Equipment – Part 1 Safety Requirements",2023,Mandatory (QCO),Compulsory Certification,"Audio, Video, Information, Communication, Technology, Equipment",Product Certification (Scheme I),https://www.bis.gov.in/product-certification/products-under-compulsory-certification/scheme-ii-registration-scheme/?lang=en
IS 302-2-25,Safety of household and similar electrical appliances: Part 2 Particular requirements: Section 25 Microwave ovens,Current,Mandatory (QCO),Compulsory Certification,"Safety, household, similar, electrical, appliances, Part",Product Certification (Scheme I),https://www.bis.gov.in/product-certification/products-under-compulsory-certification/scheme-ii-registration-scheme/?lang=en
IS 302-2:26,Safety of household and similar electrical appliances: Part 2 Particular requirements: Section 26 Clocks,Current,Mandatory (QCO),Compulsory Certification,"Safety, household, similar, electrical, appliances, Part",Product Certification (Scheme I),https://www.bis.gov.in/product-certification/products-under-compulsory-certification/scheme-ii-registration-scheme/?lang=en
IS 16242 (Part 1),General and Safety Requirements for UPS,Current,Mandatory (QCO),Compulsory Certification,"General, Safety, Requirements",Product Certification (Scheme I),https://www.bis.gov.in/product-certification/products-under-compulsory-certification/scheme-ii-registration-scheme/?lang=en
IS 15885 (Part 2/Sec 13),Safety of Lamp Control gear Part 2 Particular Requirements Section 13 d.c. or a.c. Supplied Electronic Control gear for LED Modules,Current,Mandatory (QCO),Compulsory Certification,"Safety, Lamp, Control, gear, Part, Particular",Product Certification (Scheme I),https://www.bis.gov.in/product-certification/products-under-compulsory-certification/scheme-ii-registration-scheme/?lang=en
IS 16046,"Secondary Cells and Batteries containing Alkaline or other non-acid Electrolytes-Safety Requirements for Portable sealed secondary cells, and for Batteries made from them for use in portable applications",Current,Mandatory (QCO),Compulsory Certification,"Secondary, Cells, Batteries, containing, Alkaline, other",Product Certification (Scheme I),https://www.bis.gov.in/product-certification/products-under-compulsory-certification/scheme-ii-registration-scheme/?lang=en
IS 16102(Part 1),Self-Ballasted LED Lamps for General Lighting Services Part 1 Safety Requirements,Current,Mandatory (QCO),Compulsory Certification,"Self, Ballasted, Lamps, General, Lighting, Services",Product Certification (Scheme I),https://www.bis.gov.in/product-certification/products-under-compulsory-certification/scheme-ii-registration-scheme/?lang=en
IS 16333 (Part-3),Mobile Phone Handsets Part 3 Indian Language Support for Mobile Phone Handsets – Specific Requirements,Current,Mandatory (QCO),Compulsory Certification,"Mobile, Phone, Handsets, Part, Indian, Language",Product Certification (Scheme I),https://www.bis.gov.in/product-certification/products-under-compulsory-certification/scheme-ii-registration-scheme/?lang=en
IS 10322 (Part 5/Section 2): 2012,Luminaires Part 5: Particular Requirements Section 2 Recessed Luminaires,2012,Mandatory (QCO),Compulsory Certification,"Luminaires, Part, Particular, Requirements, Section, Recessed",Product Certification (Scheme I),https://www.bis.gov.in/product-certification/products-under-compulsory-certification/scheme-ii-registration-scheme/?lang=en
IS 10322 (Part 5/Section 3): 2012,Luminaires – Part 5: Particular Requirements Section 3 Luminaires for Road and Street Lighting,2012,Mandatory (QCO),Compulsory Certification,"Luminaires, Part, Particular, Requirements, Section, Road",Product Certification (Scheme I),https://www.bis.gov.in/product-certification/products-under-compulsory-certification/scheme-ii-registration-scheme/?lang=en
IS 10322 (Part 5/Section 5): 2013,Luminaires – Part 5: Particular Requirements Section 5 Flood Lights,2013,Mandatory (QCO),Compulsory Certification,"Luminaires, Part, Particular, Requirements, Section, Flood",Product Certification (Scheme I),https://www.bis.gov.in/product-certification/products-under-compulsory-certification/scheme-ii-registration-scheme/?lang=en
IS 10322 (Part 5/Section 6): 2013,Luminaires – Part 5: Particular Requirements Section 6 Hamp Lamps,2013,Mandatory (QCO),Compulsory Certification,"Luminaires, Part, Particular, Requirements, Section, Hamp",Product Certification (Scheme I),https://www.bis.gov.in/product-certification/products-under-compulsory-certification/scheme-ii-registration-scheme/?lang=en
IS 10322 (Part 5/Section 7): 2013,Luminaires – Part 5: Particular Requirements Section 7 Lighting Chains,2013,Mandatory (QCO),Compulsory Certification,"Luminaires, Part, Particular, Requirements, Section, Lighting",Product Certification (Scheme I),https://www.bis.gov.in/product-certification/products-under-compulsory-certification/scheme-ii-registration-scheme/?lang=en
IS 10322 (Part 5/Section 8): 2013,Luminaires – Part 5: Particular Requirements Section 8 Luminaires for Emergency Lighting,2013,Mandatory (QCO),Compulsory Certification,"Luminaires, Part, Particular, Requirements, Section, Emergency",Product Certification (Scheme I),https://www.bis.gov.in/product-certification/products-under-compulsory-certification/scheme-ii-registration-scheme/?lang=en
IS 16242 (Part 1):2014,General and Safety Requirements for UPS,2014,Mandatory (QCO),Compulsory Certification,"General, Safety, Requirements",Product Certification (Scheme I),https://www.bis.gov.in/product-certification/products-under-compulsory-certification/scheme-ii-registration-scheme/?lang=en
IS 302 (Part 1): 2008,Safety of Household and similar electrical appliances Part 1 General requirements,2008,Mandatory (QCO),Compulsory Certification,"Safety, Household, similar, electrical, appliances, Part",Product Certification (Scheme I),https://www.bis.gov.in/product-certification/products-under-compulsory-certification/scheme-ii-registration-scheme/?lang=en
IS 16103 (Part 1): 2012,LED modules for general lighting: Part 1 safety requirements,2012,Mandatory (QCO),Compulsory Certification,"modules, general, lighting, Part, safety, requirements",Product Certification (Scheme I),https://www.bis.gov.in/product-certification/products-under-compulsory-certification/scheme-ii-registration-scheme/?lang=en
IS 10322 (Part 5)Section 9: 2017,Luminaries: Part 5 Particular Requirements Section 9 Rope Lights,2017,Mandatory (QCO),Compulsory Certification,"Luminaries, Part, Particular, Requirements, Section, Rope",Product Certification (Scheme I),https://www.bis.gov.in/product-certification/products-under-compulsory-certification/scheme-ii-registration-scheme/?lang=en
IS 302 (Part 2): Section 6: 2009,"Safety of household and similar electrical appliances: part 2 particular requirements, section 6 cooking ranges, hobs, ovens and similar appliances",2009,Mandatory (QCO),Compulsory Certification,"Safety, household, similar, electrical, appliances, part",Product Certification (Scheme I),https://www.bis.gov.in/product-certification/products-under-compulsory-certification/scheme-ii-registration-scheme/?lang=en
IS 302 (Part 2): Section 15: 2009,safety of household and similar electrical appliances: part 2 particular requirements: section 15 appliances for heating liquids,2009,Mandatory (QCO),Compulsory Certification,"safety, household, similar, electrical, appliances, part",Product Certification (Scheme I),https://www.bis.gov.in/product-certification/products-under-compulsory-certification/scheme-ii-registration-scheme/?lang=en
IS 60669-2-1: 2008,Particular requirements for Electronic switches standards for Switches for household and similar fixed electrical installations.,2008,Mandatory (QCO),Compulsory Certification,"Particular, requirements, Electronic, switches, standards, Switches",Product Certification (Scheme I),https://www.bis.gov.in/product-certification/products-under-compulsory-certification/scheme-ii-registration-scheme/?lang=en
IS 18112:2022,Digital Television Receiver for Satellite Broadcast Transmission – Specification,2022,Mandatory (QCO),Compulsory Certification,"Digital, Television, Receiver, Satellite, Broadcast, Transmission",Product Certification (Scheme I),https://www.bis.gov.in/product-certification/products-under-compulsory-certification/scheme-ii-registration-scheme/?lang=en
IS 14286IS/IEC 61730 -1IS/IEC 61730 -2,Crystalline Silicon Terrestrial Photovoltaic (PV) modules – Design Qualification And Type Approval,Current,Mandatory (QCO),Compulsory Certification,"Crystalline, Silicon, Terrestrial, Photovoltaic, modules, Design",Product Certification (Scheme I),https://www.bis.gov.in/product-certification/products-under-compulsory-certification/scheme-ii-registration-scheme/?lang=en
IS 16077IS/IEC 61730 -1IS/IEC 61730 -2,Thin-Film Terrestrial Photovoltaic (PV) Modules – Design Qualification and Type Approval,Current,Mandatory (QCO),Compulsory Certification,"Thin, Film, Terrestrial, Photovoltaic, Modules, Design",Product Certification (Scheme I),https://www.bis.gov.in/product-certification/products-under-compulsory-certification/scheme-ii-registration-scheme/?lang=en
IS 16221 (Part 2),Safety of Power Converters for Use in Photovoltaic Power Systems Part 2-Particular Requirements for Inverters,Current,Mandatory (QCO),Compulsory Certification,"Safety, Power, Converters, Photovoltaic, Systems, Part",Product Certification (Scheme I),https://www.bis.gov.in/product-certification/products-under-compulsory-certification/scheme-ii-registration-scheme/?lang=en
IS 16169,Safety of Power Converters for Use in Photovoltaic Power Systems Part 2-Particular Requirements for Inverters,Current,Mandatory (QCO),Compulsory Certification,"Safety, Power, Converters, Photovoltaic, Systems, Part",Product Certification (Scheme I),https://www.bis.gov.in/product-certification/products-under-compulsory-certification/scheme-ii-registration-scheme/?lang=en
IS 16270,Test Procedure of Islanding Prevention Measures for Utility-Interconnected Photovoltaic Inverters,Current,Mandatory (QCO),Compulsory Certification,"Test, Procedure, Islanding, Prevention, Measures, Utility",Product Certification (Scheme I),https://www.bis.gov.in/product-certification/products-under-compulsory-certification/scheme-ii-registration-scheme/?lang=en
IS 798:2020,Ortho Phosphoric Acid – Specification,2020,Mandatory (QCO),Compulsory Certification,"Ortho, Phosphoric, Acid, Specification",Product Certification (Scheme I),https://www.bis.gov.in/product-certification/products-under-compulsory-certification/scheme-ii-registration-scheme/?lang=en
IS 17439:2020,Polyphosphoric Acid – Specification,2020,Mandatory (QCO),Compulsory Certification,"Polyphosphoric, Acid, Specification",Product Certification (Scheme I),https://www.bis.gov.in/product-certification/products-under-compulsory-certification/scheme-ii-registration-scheme/?lang=en
IS 17412:2020,Trimethyl Phosphite – Technical Grade,2020,Mandatory (QCO),Compulsory Certification,"Trimethyl, Phosphite, Technical, Grade",Product Certification (Scheme I),https://www.bis.gov.in/product-certification/products-under-compulsory-certification/scheme-ii-registration-scheme/?lang=en
IS 12171:2019,Cotton Bales- Specification,2019,Mandatory (QCO),Compulsory Certification,"Cotton, Bales, Specification",Product Certification (Scheme I),https://www.bis.gov.in/product-certification/products-under-compulsory-certification/scheme-ii-registration-scheme/?lang=en
IS 12330,Sulphate Resisting Portland Cement,2003,Mandatory (QCO),Compulsory Certification,"Sulphate, Resisting, Portland, Cement",Product Certification (Scheme I),https://www.bis.gov.in/product-certification/products-under-compulsory-certification/scheme-i-mark-scheme/?lang=en
IS 12600,Low heat Portland Cement,Current,Mandatory (QCO),Compulsory Certification,"heat, Portland, Cement",Product Certification (Scheme I),https://www.bis.gov.in/product-certification/products-under-compulsory-certification/scheme-i-mark-scheme/?lang=en
IS 1489 (Part 1),Portland Pozzolana Cement-Part1 Fly-ash based,Current,Mandatory (QCO),Compulsory Certification,"Portland, Pozzolana, Cement, based",Product Certification (Scheme I),https://www.bis.gov.in/product-certification/products-under-compulsory-certification/scheme-i-mark-scheme/?lang=en
IS 1489 (Part 2),Portland Pozzolana Cement-Part 2 Calcined clay based,Current,Mandatory (QCO),Compulsory Certification,"Portland, Pozzolana, Cement, Part, Calcined, clay",Product Certification (Scheme I),https://www.bis.gov.in/product-certification/products-under-compulsory-certification/scheme-i-mark-scheme/?lang=en
IS 269,Ordinary Portland Cement,Current,Mandatory (QCO),Compulsory Certification,"Ordinary, Portland, Cement",Product Certification (Scheme I),https://www.bis.gov.in/product-certification/products-under-compulsory-certification/scheme-i-mark-scheme/?lang=en
IS 3466,Masonry Cement,Current,Mandatory (QCO),Compulsory Certification,"Masonry, Cement",Product Certification (Scheme I),https://www.bis.gov.in/product-certification/products-under-compulsory-certification/scheme-i-mark-scheme/?lang=en
IS 455,Portland Slag Cement,Current,Mandatory (QCO),Compulsory Certification,"Portland, Slag, Cement",Product Certification (Scheme I),https://www.bis.gov.in/product-certification/products-under-compulsory-certification/scheme-i-mark-scheme/?lang=en
IS 6452,High Alumina Cement for Structural use,Current,Mandatory (QCO),Compulsory Certification,"High, Alumina, Cement, Structural",Product Certification (Scheme I),https://www.bis.gov.in/product-certification/products-under-compulsory-certification/scheme-i-mark-scheme/?lang=en
IS 6909,Super sulphated cement,Current,Mandatory (QCO),Compulsory Certification,"Super, sulphated, cement",Product Certification (Scheme I),https://www.bis.gov.in/product-certification/products-under-compulsory-certification/scheme-i-mark-scheme/?lang=en
IS 8041,Rapid hardening Portland cement,Current,Mandatory (QCO),Compulsory Certification,"Rapid, hardening, Portland, cement",Product Certification (Scheme I),https://www.bis.gov.in/product-certification/products-under-compulsory-certification/scheme-i-mark-scheme/?lang=en
IS 8042,White Portland Cement,Current,Mandatory (QCO),Compulsory Certification,"White, Portland, Cement",Product Certification (Scheme I),https://www.bis.gov.in/product-certification/products-under-compulsory-certification/scheme-i-mark-scheme/?lang=en
IS 8043,Hydrophobic Portland Cement,Current,Mandatory (QCO),Compulsory Certification,"Hydrophobic, Portland, Cement",Product Certification (Scheme I),https://www.bis.gov.in/product-certification/products-under-compulsory-certification/scheme-i-mark-scheme/?lang=en
IS 8229,Oil well Cement,Current,Mandatory (QCO),Compulsory Certification,"well, Cement",Product Certification (Scheme I),https://www.bis.gov.in/product-certification/products-under-compulsory-certification/scheme-i-mark-scheme/?lang=en
IS 16415: 2015,Composite Cement- Specification.,2015,Mandatory (QCO),Compulsory Certification,"Composite, Cement, Specification",Product Certification (Scheme I),https://www.bis.gov.in/product-certification/products-under-compulsory-certification/scheme-i-mark-scheme/?lang=en
IS 16993: 2018,Microfine Ordinary Portland Cement- Specification.,2018,Mandatory (QCO),Compulsory Certification,"Microfine, Ordinary, Portland, Cement, Specification",Product Certification (Scheme I),https://www.bis.gov.in/product-certification/products-under-compulsory-certification/scheme-i-mark-scheme/?lang=en
IS 15895: 2018,High Alumina Refractory Cement.,2018,Mandatory (QCO),Compulsory Certification,"High, Alumina, Refractory, Cement",Product Certification (Scheme I),https://www.bis.gov.in/product-certification/products-under-compulsory-certification/scheme-i-mark-scheme/?lang=en
IS 12640 (Part 1),Residual current operated circuit breakers for house hold andsimilar uses-Part 1 Circuit breakers without integralovercurrent protection (RCCBs),2004,Mandatory (QCO),Compulsory Certification,"Residual, current, operated, circuit, breakers, house",Product Certification (Scheme I),https://www.bis.gov.in/product-certification/products-under-compulsory-certification/scheme-i-mark-scheme/?lang=en
IS 12640 (Part 2),Residual current operated circuit breakers for household andsimilar uses–Part 2 Circuit breakers with integral overcurrentprotection(RCVOs),Current,Mandatory (QCO),Compulsory Certification,"Residual, current, operated, circuit, breakers, household",Product Certification (Scheme I),https://www.bis.gov.in/product-certification/products-under-compulsory-certification/scheme-i-mark-scheme/?lang=en
IS 13010,"AC watt-hour meters, class 0.5, 1 & 2",Current,Mandatory (QCO),Compulsory Certification,"watt, hour, meters, class",Product Certification (Scheme I),https://www.bis.gov.in/product-certification/products-under-compulsory-certification/scheme-i-mark-scheme/?lang=en
IS 13779,"AC static watt-hour meters, class 1 & 2",Current,Mandatory (QCO),Compulsory Certification,"static, watt, hour, meters, class",Product Certification (Scheme I),https://www.bis.gov.in/product-certification/products-under-compulsory-certification/scheme-i-mark-scheme/?lang=en
IS 14697,"AC static transformer operated watt-hour and VAR-hour meters,class 0.2S & 0.5S",Current,Mandatory (QCO),Compulsory Certification,"static, transformer, operated, watt, hour, meters",Product Certification (Scheme I),https://www.bis.gov.in/product-certification/products-under-compulsory-certification/scheme-i-mark-scheme/?lang=en
IS 15111 (Part 1 & 2),Self Ballasted Lamps for General Lighting Services – Part 1 :Safety Requirements & Part 2 : Performance Requirements,Current,Mandatory (QCO),Compulsory Certification,"Self, Ballasted, Lamps, General, Lighting, Services",Product Certification (Scheme I),https://www.bis.gov.in/product-certification/products-under-compulsory-certification/scheme-i-mark-scheme/?lang=en
IS 302 (Part 2/Sec 3),Safety of household and similar electrical appliances–Electric iron,Current,Mandatory (QCO),Compulsory Certification,"Safety, household, similar, electrical, appliances, Electric",Product Certification (Scheme I),https://www.bis.gov.in/product-certification/products-under-compulsory-certification/scheme-i-mark-scheme/?lang=en
IS 302 (Part 2/Sec 201),Safety of household and similar electrical appliances–Electric immersion water-heaters,Current,Mandatory (QCO),Compulsory Certification,"Safety, household, similar, electrical, appliances, Electric",Product Certification (Scheme I),https://www.bis.gov.in/product-certification/products-under-compulsory-certification/scheme-i-mark-scheme/?lang=en
IS 302 (Part 2/Sec 202),Safety of household and similar electrical appliances–Electric stoves,Current,Mandatory (QCO),Compulsory Certification,"Safety, household, similar, electrical, appliances, Electric",Product Certification (Scheme I),https://www.bis.gov.in/product-certification/products-under-compulsory-certification/scheme-i-mark-scheme/?lang=en
IS 302 (Part 2/Sec 30),Safety of household and similar electrical appliances-Room heaters,Current,Mandatory (QCO),Compulsory Certification,"Safety, household, similar, electrical, appliances, Room",Product Certification (Scheme I),https://www.bis.gov.in/product-certification/products-under-compulsory-certification/scheme-i-mark-scheme/?lang=en
IS 3854,Switches for domestic and similar purposes,Current,Mandatory (QCO),Compulsory Certification,"Switches, domestic, similar, purposes",Product Certification (Scheme I),https://www.bis.gov.in/product-certification/products-under-compulsory-certification/scheme-i-mark-scheme/?lang=en
IS 418,Tungsten filament general service electric lamps (upto100 W ),Current,Mandatory (QCO),Compulsory Certification,"Tungsten, filament, general, service, electric, lamps",Product Certification (Scheme I),https://www.bis.gov.in/product-certification/products-under-compulsory-certification/scheme-i-mark-scheme/?lang=en
IS 694,PVC insulated cables for working voltages up to and including 1100V,Current,Mandatory (QCO),Compulsory Certification,"insulated, cables, working, voltages, including",Product Certification (Scheme I),https://www.bis.gov.in/product-certification/products-under-compulsory-certification/scheme-i-mark-scheme/?lang=en
IS 8828 *,Electrical Accessories-Circuit breakers for overcurrent protection for household and similar installations,Current,Mandatory (QCO),Compulsory Certification,"Electrical, Accessories, Circuit, breakers, overcurrent, protection",Product Certification (Scheme I),https://www.bis.gov.in/product-certification/products-under-compulsory-certification/scheme-i-mark-scheme/?lang=en
IS 9968 (Part 1),Elastomer insulated cables (Part.1): For working voltages up to and including1100 V,Current,Mandatory (QCO),Compulsory Certification,"Elastomer, insulated, cables, Part, working, voltages",Product Certification (Scheme I),https://www.bis.gov.in/product-certification/products-under-compulsory-certification/scheme-i-mark-scheme/?lang=en
IS 8144,Multi-Purpose dry batteries,1987,Mandatory (QCO),Compulsory Certification,"Multi, Purpose, batteries",Product Certification (Scheme I),https://www.bis.gov.in/product-certification/products-under-compulsory-certification/scheme-i-mark-scheme/?lang=en
IS 15757,Follow–up formula–complimentary foodsDe-notified from compulsory BIS certification,2024,Mandatory (QCO),Compulsory Certification,"Follow, formula, complimentary, foodsDe, notified, from",Product Certification (Scheme I),https://www.bis.gov.in/product-certification/products-under-compulsory-certification/scheme-i-mark-scheme/?lang=en
IS 11536,Processed cereal based complementary foodsDe-notified from compulsory BIS certification,Current,Mandatory (QCO),Compulsory Certification,"Processed, cereal, based, complementary, foodsDe, notified",Product Certification (Scheme I),https://www.bis.gov.in/product-certification/products-under-compulsory-certification/scheme-i-mark-scheme/?lang=en
IS 1165,Milk-powderDe-notified from compulsory BIS certification,Current,Mandatory (QCO),Compulsory Certification,"Milk, powderDe, notified, from, compulsory, certification",Product Certification (Scheme I),https://www.bis.gov.in/product-certification/products-under-compulsory-certification/scheme-i-mark-scheme/?lang=en
IS 1166,"Condensed milk, partly skimmed and skimmed condensed milkDe-notified from compulsory BIS certification",Current,Mandatory (QCO),Compulsory Certification,"Condensed, milk, partly, skimmed, condensed, milkDe",Product Certification (Scheme I),https://www.bis.gov.in/product-certification/products-under-compulsory-certification/scheme-i-mark-scheme/?lang=en
IS 12176,Sweetened ultra high temperature treated condensed milkDe-notified from compulsory BIS certification,Current,Mandatory (QCO),Compulsory Certification,"Sweetened, ultra, high, temperature, treated, condensed",Product Certification (Scheme I),https://www.bis.gov.in/product-certification/products-under-compulsory-certification/scheme-i-mark-scheme/?lang=en
IS 13334 (Part 1),"Skimmed milk-powder, standard gradeDe-notified from compulsory BIS certification",Current,Mandatory (QCO),Compulsory Certification,"Skimmed, milk, powder, standard, gradeDe, notified",Product Certification (Scheme I),https://www.bis.gov.in/product-certification/products-under-compulsory-certification/scheme-i-mark-scheme/?lang=en
IS 13334 (Part 2),"Skimmed milk-powder, extra gradeDe-notified from compulsory BIS certification",2022,Mandatory (QCO),Compulsory Certification,"Skimmed, milk, powder, extra, gradeDe, notified",Product Certification (Scheme I),https://www.bis.gov.in/product-certification/products-under-compulsory-certification/scheme-i-mark-scheme/?lang=en
IS 13428,Packaged Natural Mineral WaterDe-notified from compulsory BIS certification,Current,Mandatory (QCO),Compulsory Certification,"Packaged, Natural, Mineral, WaterDe, notified, from",Product Certification (Scheme I),https://www.bis.gov.in/product-certification/products-under-compulsory-certification/scheme-i-mark-scheme/?lang=en
IS 14433,Infant milk substitutesDe-notified from compulsory BIS certification,Current,Mandatory (QCO),Compulsory Certification,"Infant, milk, substitutesDe, notified, from, compulsory",Product Certification (Scheme I),https://www.bis.gov.in/product-certification/products-under-compulsory-certification/scheme-i-mark-scheme/?lang=en
IS 17945: 2022,Food for Special Medical Purpose intended for InfantsDe-notified from compulsory BIS certification,2022,Mandatory (QCO),Compulsory Certification,"Food, Special, Medical, Purpose, intended, InfantsDe",Product Certification (Scheme I),https://www.bis.gov.in/product-certification/products-under-compulsory-certification/scheme-i-mark-scheme/?lang=en
IS 14542,Partly skimmed milk powderDe-notified from compulsory BIS certification,Current,Mandatory (QCO),Compulsory Certification,"Partly, skimmed, milk, powderDe, notified, from",Product Certification (Scheme I),https://www.bis.gov.in/product-certification/products-under-compulsory-certification/scheme-i-mark-scheme/?lang=en
IS 14543,Packaged Drinking Water (Other than Packaged Natural Mineral Water)De-notified from compulsory BIS certification,Current,Mandatory (QCO),Compulsory Certification,"Packaged, Drinking, Water, Other, than, Natural",Product Certification (Scheme I),https://www.bis.gov.in/product-certification/products-under-compulsory-certification/scheme-i-mark-scheme/?lang=en
IS 1656,Milk- cereal Based Complementary foodsDe-notified from compulsory BIS certification,Current,Mandatory (QCO),Compulsory Certification,"Milk, cereal, Based, Complementary, foodsDe, notified",Product Certification (Scheme I),https://www.bis.gov.in/product-certification/products-under-compulsory-certification/scheme-i-mark-scheme/?lang=en
IS 14625,Plastic Feeding Bottles,1992,Mandatory (QCO),Compulsory Certification,"Plastic, Feeding, Bottles",Product Certification (Scheme I),https://www.bis.gov.in/product-certification/products-under-compulsory-certification/scheme-i-mark-scheme/?lang=en
IS 5168,Glass Feeding Bottles,Current,Mandatory (QCO),Compulsory Certification,"Glass, Feeding, Bottles",Product Certification (Scheme I),https://www.bis.gov.in/product-certification/products-under-compulsory-certification/scheme-i-mark-scheme/?lang=en
IS 10109,"Oil pressure stove, offset burner type",1997,Mandatory (QCO),Compulsory Certification,"pressure, stove, offset, burner, type",Product Certification (Scheme I),https://www.bis.gov.in/product-certification/products-under-compulsory-certification/scheme-i-mark-scheme/?lang=en
IS 2787,Multi-burner oil pressure stoves,Current,Mandatory (QCO),Compulsory Certification,"Multi, burner, pressure, stoves",Product Certification (Scheme I),https://www.bis.gov.in/product-certification/products-under-compulsory-certification/scheme-i-mark-scheme/?lang=en
IS 1342,Oil pressure stoves,Current,Mandatory (QCO),Compulsory Certification,"pressure, stoves",Product Certification (Scheme I),https://www.bis.gov.in/product-certification/products-under-compulsory-certification/scheme-i-mark-scheme/?lang=en
IS 13098,Automotive vehicles–Tubes for pneumatic tyres,2010,Mandatory (QCO),Compulsory Certification,"Automotive, vehicles, Tubes, pneumatic, tyres",Product Certification (Scheme I),https://www.bis.gov.in/product-certification/products-under-compulsory-certification/scheme-i-mark-scheme/?lang=en
IS 15627,Automotive vehicles–Pneumatic tyres for two and three-wheeled motor vehicles,Current,Mandatory (QCO),Compulsory Certification,"Automotive, vehicles, Pneumatic, tyres, three, wheeled",Product Certification (Scheme I),https://www.bis.gov.in/product-certification/products-under-compulsory-certification/scheme-i-mark-scheme/?lang=en
IS 15633,Automotive vehicles-Pneumatic tyres for passenger car vehicles–Diagonal and radial ply,Current,Mandatory (QCO),Compulsory Certification,"Automotive, vehicles, Pneumatic, tyres, passenger, Diagonal",Product Certification (Scheme I),https://www.bis.gov.in/product-certification/products-under-compulsory-certification/scheme-i-mark-scheme/?lang=en
IS 15636,Automotive vehicles- Pneumatic tyres for commercial vehicles-Diagonal and radial ply,Current,Mandatory (QCO),Compulsory Certification,"Automotive, vehicles, Pneumatic, tyres, commercial, Diagonal",Product Certification (Scheme I),https://www.bis.gov.in/product-certification/products-under-compulsory-certification/scheme-i-mark-scheme/?lang=en
IS 14899,Liquefied petroleum gas containers for automotive use,2026,Mandatory (QCO),Compulsory Certification,"Liquefied, petroleum, containers, automotive",Product Certification (Scheme I),https://www.bis.gov.in/product-certification/products-under-compulsory-certification/scheme-i-mark-scheme/?lang=en
IS 15100,Multifunction valve assembly for permanently fixed liquefied petroleum gas (LPG) containers for automotive use,Current,Mandatory (QCO),Compulsory Certification,"Multifunction, valve, assembly, permanently, fixed, liquefied",Product Certification (Scheme I),https://www.bis.gov.in/product-certification/products-under-compulsory-certification/scheme-i-mark-scheme/?lang=en
IS 3196 (Part 4),Welded low carbon steel cylinders exceeding 5 litre Water capacity for low pressure liquefiable gases Part 4 Cylinders for toxic and corrosive gases,Current,Mandatory (QCO),Compulsory Certification,"Welded, carbon, steel, cylinders, exceeding, litre",Product Certification (Scheme I),https://www.bis.gov.in/product-certification/products-under-compulsory-certification/scheme-i-mark-scheme/?lang=en
IS 3196 (Part 1),Welded low carbon steel gas cylinder exceeding 5 litre water capacity for low pressure liquefiable gases Part1 Cylinders for liquefied petroleum gas (LPG),Current,Mandatory (QCO),Compulsory Certification,"Welded, carbon, steel, cylinder, exceeding, litre",Product Certification (Scheme I),https://www.bis.gov.in/product-certification/products-under-compulsory-certification/scheme-i-mark-scheme/?lang=en
IS 3196 (Part 2),Welded low carbon steel gas cylinder exceeding 5-litre water capacity for low pressure liquefiable gases Part 2 Cylinders for liquefiable gases other than LPG.,Current,Mandatory (QCO),Compulsory Certification,"Welded, carbon, steel, cylinder, exceeding, litre",Product Certification (Scheme I),https://www.bis.gov.in/product-certification/products-under-compulsory-certification/scheme-i-mark-scheme/?lang=en
IS 3224,Valve fittings for compressed gas cylinder excluding liquefied petroleum gas cylinders,Current,Mandatory (QCO),Compulsory Certification,"Valve, fittings, compressed, cylinder, excluding, liquefied",Product Certification (Scheme I),https://www.bis.gov.in/product-certification/products-under-compulsory-certification/scheme-i-mark-scheme/?lang=en
IS 3745,Yoke Type Valve Connection for Small Medical Gas Cylinders,Current,Mandatory (QCO),Compulsory Certification,"Yoke, Type, Valve, Connection, Small, Medical",Product Certification (Scheme I),https://www.bis.gov.in/product-certification/products-under-compulsory-certification/scheme-i-mark-scheme/?lang=en
IS 7142,Welded low carbon steel cylinders for low pressure liquefiable gases not exceeding 5 litre water capacity,Current,Mandatory (QCO),Compulsory Certification,"Welded, carbon, steel, cylinders, pressure, liquefiable",Product Certification (Scheme I),https://www.bis.gov.in/product-certification/products-under-compulsory-certification/scheme-i-mark-scheme/?lang=en
IS 7285 (Part 1),Refillable Seamless steel gas cylinders Part1 Normalized steel cylinders,Current,Mandatory (QCO),Compulsory Certification,"Refillable, Seamless, steel, cylinders, Normalized",Product Certification (Scheme I),https://www.bis.gov.in/product-certification/products-under-compulsory-certification/scheme-i-mark-scheme/?lang=en
IS 7285 (Part 2),Refillable Seamless steel gas cylinders Part 2 Quenched and tempered steel cylinders with tensile strength less than 1100 MPa (112 kgf/mm2),Current,Mandatory (QCO),Compulsory Certification,"Refillable, Seamless, steel, cylinders, Part, Quenched",Product Certification (Scheme I),https://www.bis.gov.in/product-certification/products-under-compulsory-certification/scheme-i-mark-scheme/?lang=en
IS 7302,Valve fittings for gas cylinder valves for use with breathing apparatus,Current,Mandatory (QCO),Compulsory Certification,"Valve, fittings, cylinder, valves, with, breathing",Product Certification (Scheme I),https://www.bis.gov.in/product-certification/products-under-compulsory-certification/scheme-i-mark-scheme/?lang=en
IS 7312,Welded and seamless steel dissolved acetylene gas cylinders,Current,Mandatory (QCO),Compulsory Certification,"Welded, seamless, steel, dissolved, acetylene, cylinders",Product Certification (Scheme I),https://www.bis.gov.in/product-certification/products-under-compulsory-certification/scheme-i-mark-scheme/?lang=en
IS 8737,Valve fittings for use with liquefied petroleum gas cylinders of more than 5 litre water capacity Part 2 Valve fittings for newly manufactured LPG cylinders,Current,Mandatory (QCO),Compulsory Certification,"Valve, fittings, with, liquefied, petroleum, cylinders",Product Certification (Scheme I),https://www.bis.gov.in/product-certification/products-under-compulsory-certification/scheme-i-mark-scheme/?lang=en
IS 8776,Valve Fittings for Use with Liquefied Petroleum Gas (LPG) Cylinders up to and Including 5-Litre Water Capacity,Current,Mandatory (QCO),Compulsory Certification,"Valve, Fittings, with, Liquefied, Petroleum, Cylinders",Product Certification (Scheme I),https://www.bis.gov.in/product-certification/products-under-compulsory-certification/scheme-i-mark-scheme/?lang=en
IS 9798,Low pressure regulators for use with liquefied petroleum gas (LPG) mixtures,Current,Mandatory (QCO),Compulsory Certification,"pressure, regulators, with, liquefied, petroleum, mixtures",Product Certification (Scheme I),https://www.bis.gov.in/product-certification/products-under-compulsory-certification/scheme-i-mark-scheme/?lang=en
IS 3055 (Part 1),Clinical thermometers :Part1 Solid stem type,2001,Mandatory (QCO),Compulsory Certification,"Clinical, thermometers, Solid, stem, type",Product Certification (Scheme I),https://www.bis.gov.in/product-certification/products-under-compulsory-certification/scheme-i-mark-scheme/?lang=en
IS 3055 (Part 2),Clinical thermometers :Part 2 Enclosed scale type,Current,Mandatory (QCO),Compulsory Certification,"Clinical, thermometers, Part, Enclosed, scale, type",Product Certification (Scheme I),https://www.bis.gov.in/product-certification/products-under-compulsory-certification/scheme-i-mark-scheme/?lang=en
IS 7620 (Part 1),Diagnostic Medical X-Ray Equipment,Current,Mandatory (QCO),Compulsory Certification,"Diagnostic, Medical, Equipment",Product Certification (Scheme I),https://www.bis.gov.in/product-certification/products-under-compulsory-certification/scheme-i-mark-scheme/?lang=en
IS 1785 (Part 1) : 1983,Plain Hard-drawn Steel Wire For Pre-stressed Concrete: Part 1 Cold Drawn Stress-relieved Wire,1983,Mandatory (QCO),Compulsory Certification,"Plain, Hard, drawn, Steel, Wire, stressed",Product Certification (Scheme I),https://www.bis.gov.in/product-certification/products-under-compulsory-certification/scheme-i-mark-scheme/?lang=en
IS 1785 (Part 2) : 1983,Plain hard-drawn steel wire for pre-stressed concrete Part 2: As drawn wire,1983,Mandatory (QCO),Compulsory Certification,"Plain, hard, drawn, steel, wire, stressed",Product Certification (Scheme I),https://www.bis.gov.in/product-certification/products-under-compulsory-certification/scheme-i-mark-scheme/?lang=en
IS 6003:2010,Indented wire for Pre-stressed concrete,2010,Mandatory (QCO),Compulsory Certification,"Indented, wire, stressed, concrete",Product Certification (Scheme I),https://www.bis.gov.in/product-certification/products-under-compulsory-certification/scheme-i-mark-scheme/?lang=en
IS 6006:2014,Uncoated stress relieved strand for Pre-stressed concrete.,2014,Mandatory (QCO),Compulsory Certification,"Uncoated, stress, relieved, strand, stressed, concrete",Product Certification (Scheme I),https://www.bis.gov.in/product-certification/products-under-compulsory-certification/scheme-i-mark-scheme/?lang=en
IS 13620:1993,Fusion bonded epoxy coated reinforcing bars,1993,Mandatory (QCO),Compulsory Certification,"Fusion, bonded, epoxy, coated, reinforcing, bars",Product Certification (Scheme I),https://www.bis.gov.in/product-certification/products-under-compulsory-certification/scheme-i-mark-scheme/?lang=en
IS 14268:1995,Uncoated Stress Relieved Low Relaxation Seven-ply Strand For Pre-stressed Concrete.,1995,Mandatory (QCO),Compulsory Certification,"Uncoated, Stress, Relieved, Relaxation, Seven, Strand",Product Certification (Scheme I),https://www.bis.gov.in/product-certification/products-under-compulsory-certification/scheme-i-mark-scheme/?lang=en
IS 277:2003,Galvanized steel sheets ( plain and corrugated).,2003,Mandatory (QCO),Compulsory Certification,"Galvanized, steel, sheets, plain, corrugated",Product Certification (Scheme I),https://www.bis.gov.in/product-certification/products-under-compulsory-certification/scheme-i-mark-scheme/?lang=en
IS 2002:2009,Steel plates for pressure vessels for intermediate and high temperature service including boilers.,2002,Mandatory (QCO),Compulsory Certification,"Steel, plates, pressure, vessels, intermediate, high",Product Certification (Scheme I),https://www.bis.gov.in/product-certification/products-under-compulsory-certification/scheme-i-mark-scheme/?lang=en
IS 2041:2009,Steel plates for pressure vessels used at moderate and low temperature,2041,Mandatory (QCO),Compulsory Certification,"Steel, plates, pressure, vessels, used, moderate",Product Certification (Scheme I),https://www.bis.gov.in/product-certification/products-under-compulsory-certification/scheme-i-mark-scheme/?lang=en
IS 2830:2012,"Carbon steel cast billet ingots ,billets, blooms and slabs for rerolling into steel for general structural purpose",2012,Mandatory (QCO),Compulsory Certification,"Carbon, steel, cast, billet, ingots, billets",Product Certification (Scheme I),https://www.bis.gov.in/product-certification/products-under-compulsory-certification/scheme-i-mark-scheme/?lang=en
IS 1786:2008,High strength deformed steel bars and wires for concrete reinforcement,2008,Mandatory (QCO),Compulsory Certification,"High, strength, deformed, steel, bars, wires",Product Certification (Scheme I),https://www.bis.gov.in/product-certification/products-under-compulsory-certification/scheme-i-mark-scheme/?lang=en
IS 648:2006,Cold rolled non-oriented electrical steel sheets and strip-fully processed type (CRNO),2006,Mandatory (QCO),Compulsory Certification,"Cold, rolled, oriented, electrical, steel, sheets",Product Certification (Scheme I),https://www.bis.gov.in/product-certification/products-under-compulsory-certification/scheme-i-mark-scheme/?lang=en
IS 3024:2015,Grain oriented electrical steel sheet & strip (CRGO),2015,Mandatory (QCO),Compulsory Certification,"Grain, oriented, electrical, steel, sheet, strip",Product Certification (Scheme I),https://www.bis.gov.in/product-certification/products-under-compulsory-certification/scheme-i-mark-scheme/?lang=en
IS 15391:2003,Oriented Electrical Steel Sheet and Strip- Semi-Processed Type- Specification.,2003,Mandatory (QCO),Compulsory Certification,"Oriented, Electrical, Steel, Sheet, Strip, Semi",Product Certification (Scheme I),https://www.bis.gov.in/product-certification/products-under-compulsory-certification/scheme-i-mark-scheme/?lang=en
IS 2062:2011,Hot rolled medium and high tensile structural steel,2062,Mandatory (QCO),Compulsory Certification,"rolled, medium, high, tensile, structural, steel",Product Certification (Scheme I),https://www.bis.gov.in/product-certification/products-under-compulsory-certification/scheme-i-mark-scheme/?lang=en
IS 432 : Part 1:1982,Mild Steel and Medium Tensile Steel Bars and Hard–Drawn Steel Wire for Concrete Reinforcement: Part 1 Mild steel and medium tensile steel bars,1982,Mandatory (QCO),Compulsory Certification,"Mild, Steel, Medium, Tensile, Bars, Hard",Product Certification (Scheme I),https://www.bis.gov.in/product-certification/products-under-compulsory-certification/scheme-i-mark-scheme/?lang=en
IS 432 : Part 2:1982,Mild steel and Medium Tensile steel bars and Hard–Drawn Steel Wire for Concrete Reinforcement: Part 2 Hard- Drawn Steel Wire,1982,Mandatory (QCO),Compulsory Certification,"Mild, steel, Medium, Tensile, bars, Hard",Product Certification (Scheme I),https://www.bis.gov.in/product-certification/products-under-compulsory-certification/scheme-i-mark-scheme/?lang=en
IS 513 (Part-1): 2016,Cold reduced carbon steel sheets and strips Part 1 Cold Forming and Drawing Purpose,2016,Mandatory (QCO),Compulsory Certification,"Cold, reduced, carbon, steel, sheets, strips",Product Certification (Scheme I),https://www.bis.gov.in/product-certification/products-under-compulsory-certification/scheme-i-mark-scheme/?lang=en
IS 513(Part-2):2016,Cold reduced carbon steel sheets and strips Part 2 High Tensile and Multi-phase Steel,2016,Mandatory (QCO),Compulsory Certification,"Cold, reduced, carbon, steel, sheets, strips",Product Certification (Scheme I),https://www.bis.gov.in/product-certification/products-under-compulsory-certification/scheme-i-mark-scheme/?lang=en
IS 1079: 2017,"Hot Rolled Carbon Steel Sheet, Plate and Strip — Specification.",2017,Mandatory (QCO),Compulsory Certification,"Rolled, Carbon, Steel, Sheet, Plate, Strip",Product Certification (Scheme I),https://www.bis.gov.in/product-certification/products-under-compulsory-certification/scheme-i-mark-scheme/?lang=en
IS 1875:1992,"Carbon steel billets, blooms, slabs and bars for forgings.",1992,Mandatory (QCO),Compulsory Certification,"Carbon, steel, billets, blooms, slabs, bars",Product Certification (Scheme I),https://www.bis.gov.in/product-certification/products-under-compulsory-certification/scheme-i-mark-scheme/?lang=en
IS 2879:1998,Mild steel for metal arc welding electrodes.,1998,Mandatory (QCO),Compulsory Certification,"Mild, steel, metal, welding, electrodes",Product Certification (Scheme I),https://www.bis.gov.in/product-certification/products-under-compulsory-certification/scheme-i-mark-scheme/?lang=en
IS 3502:2009,Steel Chequered Plates,2009,Mandatory (QCO),Compulsory Certification,"Steel, Chequered, Plates",Product Certification (Scheme I),https://www.bis.gov.in/product-certification/products-under-compulsory-certification/scheme-i-mark-scheme/?lang=en
IS 5872:1990,Cold Rolled Steel Strips (Box Strappings).,1990,Mandatory (QCO),Compulsory Certification,"Cold, Rolled, Steel, Strips, Strappings",Product Certification (Scheme I),https://www.bis.gov.in/product-certification/products-under-compulsory-certification/scheme-i-mark-scheme/?lang=en
IS 5986: 2017,"Hot Rolled Steel Sheet, Plate and Strip for Forming and Flanging Purposes — Specification.",2017,Mandatory (QCO),Compulsory Certification,"Rolled, Steel, Sheet, Plate, Strip, Forming",Product Certification (Scheme I),https://www.bis.gov.in/product-certification/products-under-compulsory-certification/scheme-i-mark-scheme/?lang=en
IS 6240:2008,Hot Rolled Steel Plate (up to 6 mm) Sheet and Strip for the Manufacture of Low Pressure Liquefiable Gas Cylinders,2008,Mandatory (QCO),Compulsory Certification,"Rolled, Steel, Plate, Sheet, Strip, Manufacture",Product Certification (Scheme I),https://www.bis.gov.in/product-certification/products-under-compulsory-certification/scheme-i-mark-scheme/?lang=en
IS 7283:1992,Hot Rolled bars for production of bright bars and machined parts for engineering applications.,1992,Mandatory (QCO),Compulsory Certification,"Rolled, bars, production, bright, machined, parts",Product Certification (Scheme I),https://www.bis.gov.in/product-certification/products-under-compulsory-certification/scheme-i-mark-scheme/?lang=en
IS 7887:1992,Mild steel wire rods for general engineering purposes.,1992,Mandatory (QCO),Compulsory Certification,"Mild, steel, wire, rods, general, engineering",Product Certification (Scheme I),https://www.bis.gov.in/product-certification/products-under-compulsory-certification/scheme-i-mark-scheme/?lang=en
IS 10748:2004,Hot Rolled Steel Strip for Welded Tubes and Pipes.,2004,Mandatory (QCO),Compulsory Certification,"Rolled, Steel, Strip, Welded, Tubes, Pipes",Product Certification (Scheme I),https://www.bis.gov.in/product-certification/products-under-compulsory-certification/scheme-i-mark-scheme/?lang=en
IS 11513:2017,Hot Rolled Carbon Steel Strip for Cold Rolling Purposes — Specification,2017,Mandatory (QCO),Compulsory Certification,"Rolled, Carbon, Steel, Strip, Cold, Rolling",Product Certification (Scheme I),https://www.bis.gov.in/product-certification/products-under-compulsory-certification/scheme-i-mark-scheme/?lang=en
IS 15647:2006,Hot rolled steel narrow width strip for welded tubes and pipes,2006,Mandatory (QCO),Compulsory Certification,"rolled, steel, narrow, width, strip, welded",Product Certification (Scheme I),https://www.bis.gov.in/product-certification/products-under-compulsory-certification/scheme-i-mark-scheme/?lang=en
IS 7904:2017,High carbon steel wire rods- Specification,2017,Mandatory (QCO),Compulsory Certification,"High, carbon, steel, wire, rods, Specification",Product Certification (Scheme I),https://www.bis.gov.in/product-certification/products-under-compulsory-certification/scheme-i-mark-scheme/?lang=en
IS 14246:2013,Continuously pre-painted galvanized steel sheets and coils,2013,Mandatory (QCO),Compulsory Certification,"Continuously, painted, galvanized, steel, sheets, coils",Product Certification (Scheme I),https://www.bis.gov.in/product-certification/products-under-compulsory-certification/scheme-i-mark-scheme/?lang=en
IS 15965:2012,Pre-painted aluminium zinc alloy metallic coated steel strip and sheet (Plain).,2012,Mandatory (QCO),Compulsory Certification,"painted, aluminium, zinc, alloy, metallic, coated",Product Certification (Scheme I),https://www.bis.gov.in/product-certification/products-under-compulsory-certification/scheme-i-mark-scheme/?lang=en
IS 280: 2006,Mild steel wire for General Engineering purposes.,2006,Mandatory (QCO),Compulsory Certification,"Mild, steel, wire, General, Engineering, purposes",Product Certification (Scheme I),https://www.bis.gov.in/product-certification/products-under-compulsory-certification/scheme-i-mark-scheme/?lang=en
IS 1835:1976,Round Steel wire for ropes,1976,Mandatory (QCO),Compulsory Certification,"Round, Steel, wire, ropes",Product Certification (Scheme I),https://www.bis.gov.in/product-certification/products-under-compulsory-certification/scheme-i-mark-scheme/?lang=en
IS 3975:1999,Low Carbon Galvanized steel wires formed wires and Tapes for armouring of Cables,1999,Mandatory (QCO),Compulsory Certification,"Carbon, Galvanized, steel, wires, formed, Tapes",Product Certification (Scheme I),https://www.bis.gov.in/product-certification/products-under-compulsory-certification/scheme-i-mark-scheme/?lang=en
IS 4368:1967,"Alloy Steel billets, blooms and slabs for forging for general engineering purposes.",1967,Mandatory (QCO),Compulsory Certification,"Alloy, Steel, billets, blooms, slabs, forging",Product Certification (Scheme I),https://www.bis.gov.in/product-certification/products-under-compulsory-certification/scheme-i-mark-scheme/?lang=en
IS 4454 (Part 1) : 2001,Steel wire for mechanical springs Part-1 cold drawn unalloyed steel wire.,2001,Mandatory (QCO),Compulsory Certification,"Steel, wire, mechanical, springs, Part, cold",Product Certification (Scheme I),https://www.bis.gov.in/product-certification/products-under-compulsory-certification/scheme-i-mark-scheme/?lang=en
IS 4454 (Part 2): 2001,Steel wire for mechanical springs Part-2 oil hardened and tempered steel wire.,2001,Mandatory (QCO),Compulsory Certification,"Steel, wire, mechanical, springs, Part, hardened",Product Certification (Scheme I),https://www.bis.gov.in/product-certification/products-under-compulsory-certification/scheme-i-mark-scheme/?lang=en
IS 4824:2006,Bead Wires for Tyres,2006,Mandatory (QCO),Compulsory Certification,"Bead, Wires, Tyres",Product Certification (Scheme I),https://www.bis.gov.in/product-certification/products-under-compulsory-certification/scheme-i-mark-scheme/?lang=en
IS 11169 (Part 1): 1984,Steels for Cold Heading/Cold extrusion application Part-1 Wrought carbon and low alloy steels,1984,Mandatory (QCO),Compulsory Certification,"Steels, Cold, Heading, extrusion, application, Part",Product Certification (Scheme I),https://www.bis.gov.in/product-certification/products-under-compulsory-certification/scheme-i-mark-scheme/?lang=en
IS 11587:1986,Structural Weather resistant steel.,1986,Mandatory (QCO),Compulsory Certification,"Structural, Weather, resistant, steel",Product Certification (Scheme I),https://www.bis.gov.in/product-certification/products-under-compulsory-certification/scheme-i-mark-scheme/?lang=en
IS 15103: 2002,Fire resistant Steel- Specification,2002,Mandatory (QCO),Compulsory Certification,"Fire, resistant, Steel, Specification",Product Certification (Scheme I),https://www.bis.gov.in/product-certification/products-under-compulsory-certification/scheme-i-mark-scheme/?lang=en
IS 15914:2011,"High Tensile Strength Flat Rolled Steel Plate (Up to 6 mm), Sheet and Strip for the Manufacture of Welded Gas Cylinder.",2011,Mandatory (QCO),Compulsory Certification,"High, Tensile, Strength, Flat, Rolled, Steel",Product Certification (Scheme I),https://www.bis.gov.in/product-certification/products-under-compulsory-certification/scheme-i-mark-scheme/?lang=en
IS 15961:2012,Hot Dip aluminium- Zinc alloy metallic coated steel strip and sheet (Plain),2012,Mandatory (QCO),Compulsory Certification,"aluminium, Zinc, alloy, metallic, coated, steel",Product Certification (Scheme I),https://www.bis.gov.in/product-certification/products-under-compulsory-certification/scheme-i-mark-scheme/?lang=en
IS 15962:2012,Structural Steel for Building for Structures with improved seismic Resistance,2012,Mandatory (QCO),Compulsory Certification,"Structural, Steel, Building, Structures, with, improved",Product Certification (Scheme I),https://www.bis.gov.in/product-certification/products-under-compulsory-certification/scheme-i-mark-scheme/?lang=en
IS 6527:1995,Stainless Steel wire Rod,1995,Mandatory (QCO),Compulsory Certification,"Stainless, Steel, wire",Product Certification (Scheme I),https://www.bis.gov.in/product-certification/products-under-compulsory-certification/scheme-i-mark-scheme/?lang=en
IS 6528:1995,Stainless Steel Wires,1995,Mandatory (QCO),Compulsory Certification,"Stainless, Steel, Wires",Product Certification (Scheme I),https://www.bis.gov.in/product-certification/products-under-compulsory-certification/scheme-i-mark-scheme/?lang=en
IS 6603:2001,Stainless Steel Bars and Flats,2001,Mandatory (QCO),Compulsory Certification,"Stainless, Steel, Bars, Flats",Product Certification (Scheme I),https://www.bis.gov.in/product-certification/products-under-compulsory-certification/scheme-i-mark-scheme/?lang=en
IS 5522:2014,6Stainless Steel sheets and strips for utensils- Specification&nbsp;,2014,Mandatory (QCO),Compulsory Certification,"Steel, sheets, strips, utensils, Specification, nbsp",Product Certification (Scheme I),https://www.bis.gov.in/product-certification/products-under-compulsory-certification/scheme-i-mark-scheme/?lang=en
IS 6911:2017,"Stainless Steel Plate, Sheet and Strip- Specification",2017,Mandatory (QCO),Compulsory Certification,"Stainless, Steel, Plate, Sheet, Strip, Specification",Product Certification (Scheme I),https://www.bis.gov.in/product-certification/products-under-compulsory-certification/scheme-i-mark-scheme/?lang=en
IS 15997:2012,Low Nickel Austenitic Stainless Steel Sheet and Strip For Utensils and Kitchen Applications- Specification,2012,Mandatory (QCO),Compulsory Certification,"Nickel, Austenitic, Stainless, Steel, Sheet, Strip",Product Certification (Scheme I),https://www.bis.gov.in/product-certification/products-under-compulsory-certification/scheme-i-mark-scheme/?lang=en
IS 1110 : 1990,Ferrosilicon – Specification,1990,Mandatory (QCO),Compulsory Certification,"Ferrosilicon, Specification",Product Certification (Scheme I),https://www.bis.gov.in/product-certification/products-under-compulsory-certification/scheme-i-mark-scheme/?lang=en
IS 4409 : 1973,Specification for Ferronickel,1973,Mandatory (QCO),Compulsory Certification,"Specification, Ferronickel",Product Certification (Scheme I),https://www.bis.gov.in/product-certification/products-under-compulsory-certification/scheme-i-mark-scheme/?lang=en
IS 1029 : 1970,Specification for Hot rolled steel strip (bailing),1970,Mandatory (QCO),Compulsory Certification,"Specification, rolled, steel, strip, bailing",Product Certification (Scheme I),https://www.bis.gov.in/product-certification/products-under-compulsory-certification/scheme-i-mark-scheme/?lang=en
IS 2385 : 1977,Specification for Hot-rolled mild steel sheet and strip in coil form for cold-reduced tinplate and cold-reduced black plate,1977,Mandatory (QCO),Compulsory Certification,"Specification, rolled, mild, steel, sheet, strip",Product Certification (Scheme I),https://www.bis.gov.in/product-certification/products-under-compulsory-certification/scheme-i-mark-scheme/?lang=en
IS 3039 : 1988,Specification for Structural steel for construction of hulls of ships,1988,Mandatory (QCO),Compulsory Certification,"Specification, Structural, steel, construction, hulls, ships",Product Certification (Scheme I),https://www.bis.gov.in/product-certification/products-under-compulsory-certification/scheme-i-mark-scheme/?lang=en
IS 9550 2001,Bright steel bars – v Specification,2001,Mandatory (QCO),Compulsory Certification,"Bright, steel, bars, Specification",Product Certification (Scheme I),https://www.bis.gov.in/product-certification/products-under-compulsory-certification/scheme-i-mark-scheme/?lang=en
IS 3748 : 1990,Tool and die steels – Specification,1990,Mandatory (QCO),Compulsory Certification,"Tool, steels, Specification",Product Certification (Scheme I),https://www.bis.gov.in/product-certification/products-under-compulsory-certification/scheme-i-mark-scheme/?lang=en
IS 5517 : 1993,Steel for hardening and tempering – Specification,1993,Mandatory (QCO),Compulsory Certification,"Steel, hardening, tempering, Specification",Product Certification (Scheme I),https://www.bis.gov.in/product-certification/products-under-compulsory-certification/scheme-i-mark-scheme/?lang=en
IS 16732: 2019,Galvanized Structural Steel – Specification,2019,Mandatory (QCO),Compulsory Certification,"Galvanized, Structural, Steel, Specification",Product Certification (Scheme I),https://www.bis.gov.in/product-certification/products-under-compulsory-certification/scheme-i-mark-scheme/?lang=en
IS 7494 : 1981,Specification for Steel for valves for internal combustion engines,1981,Mandatory (QCO),Compulsory Certification,"Specification, Steel, valves, internal, combustion, engines",Product Certification (Scheme I),https://www.bis.gov.in/product-certification/products-under-compulsory-certification/scheme-i-mark-scheme/?lang=en
IS 12146 : 1987,Specification for Carbon manganese steel forgings for pressure vessels,1987,Mandatory (QCO),Compulsory Certification,"Specification, Carbon, manganese, steel, forgings, pressure",Product Certification (Scheme I),https://www.bis.gov.in/product-certification/products-under-compulsory-certification/scheme-i-mark-scheme/?lang=en
IS 16585 : 2016,Magnetic materials – specification for individual material – Fe based amorphous strip delivered in the semi-processed state.,2016,Mandatory (QCO),Compulsory Certification,"Magnetic, materials, specification, individual, material, based",Product Certification (Scheme I),https://www.bis.gov.in/product-certification/products-under-compulsory-certification/scheme-i-mark-scheme/?lang=en
IS 2831 : 2012,"Carbon steel cast billet ingots, billets, blooms and slabs for re-rolling into structural steel (ordinary quality) – Specification",2012,Mandatory (QCO),Compulsory Certification,"Carbon, steel, cast, billet, ingots, billets",Product Certification (Scheme I),https://www.bis.gov.in/product-certification/products-under-compulsory-certification/scheme-i-mark-scheme/?lang=en
IS 1148: 2009,Steel Rivet Bars (medium And High Tensile) – For Structural Purposes,2009,Mandatory (QCO),Compulsory Certification,"Steel, Rivet, Bars, medium, High, Tensile",Product Certification (Scheme I),https://www.bis.gov.in/product-certification/products-under-compulsory-certification/scheme-i-mark-scheme/?lang=en
IS 1673: 1984,"Specification for Mild Steel Wire, Cold Heading Quality",1984,Mandatory (QCO),Compulsory Certification,"Specification, Mild, Steel, Wire, Cold, Heading",Product Certification (Scheme I),https://www.bis.gov.in/product-certification/products-under-compulsory-certification/scheme-i-mark-scheme/?lang=en
IS 1812: 1982,Specification for Carbon Steel Wire for the Manufacture of Wood Screws,1982,Mandatory (QCO),Compulsory Certification,"Specification, Carbon, Steel, Wire, Manufacture, Wood",Product Certification (Scheme I),https://www.bis.gov.in/product-certification/products-under-compulsory-certification/scheme-i-mark-scheme/?lang=en
IS 2507: 1975,Specification for Cold – rolled Steel Strips For Springs.,1975,Mandatory (QCO),Compulsory Certification,"Specification, Cold, rolled, Steel, Strips, Springs",Product Certification (Scheme I),https://www.bis.gov.in/product-certification/products-under-compulsory-certification/scheme-i-mark-scheme/?lang=en
IS 2255: 1977,Specification for Mild Steel Wire Rod for the Manufacture of Machine Screws (By Cold Heading Process).,1977,Mandatory (QCO),Compulsory Certification,"Specification, Mild, Steel, Wire, Manufacture, Machine",Product Certification (Scheme I),https://www.bis.gov.in/product-certification/products-under-compulsory-certification/scheme-i-mark-scheme/?lang=en
IS 3195: 1992,Steel For the Manufacture of Volute And Helical Springs (for Railway Rolling Stock) – Specification .,1992,Mandatory (QCO),Compulsory Certification,"Steel, Manufacture, Volute, Helical, Springs, Railway",Product Certification (Scheme I),https://www.bis.gov.in/product-certification/products-under-compulsory-certification/scheme-i-mark-scheme/?lang=en
IS 3431: 1982,"Specification for Steel for the manufacture of volute, helical and laminated springs for automotive suspension.",1982,Mandatory (QCO),Compulsory Certification,"Specification, Steel, manufacture, volute, helical, laminated",Product Certification (Scheme I),https://www.bis.gov.in/product-certification/products-under-compulsory-certification/scheme-i-mark-scheme/?lang=en
IS 3885-Part-1: 1992,Steel for the manufacture of laminated springs (railway rolling stock) Part 1 Flat Sections – Specification.,1992,Mandatory (QCO),Compulsory Certification,"Steel, manufacture, laminated, springs, railway, rolling",Product Certification (Scheme I),https://www.bis.gov.in/product-certification/products-under-compulsory-certification/scheme-i-mark-scheme/?lang=en
IS 3885-Part- 2: 1992,Steel for the manufacture of laminated springs (railway rolling stock) Part 2: Rib and Groove Sections- Specification.,1992,Mandatory (QCO),Compulsory Certification,"Steel, manufacture, laminated, springs, railway, rolling",Product Certification (Scheme I),https://www.bis.gov.in/product-certification/products-under-compulsory-certification/scheme-i-mark-scheme/?lang=en
IS 4223: 1975,Specification for Steel Wire for Umbrella Ribs .,1975,Mandatory (QCO),Compulsory Certification,"Specification, Steel, Wire, Umbrella, Ribs",Product Certification (Scheme I),https://www.bis.gov.in/product-certification/products-under-compulsory-certification/scheme-i-mark-scheme/?lang=en
IS 4224: 1972,"Specification for Steel Wire for Staples, Pins And Clips.",1972,Mandatory (QCO),Compulsory Certification,"Specification, Steel, Wire, Staples, Pins, Clips",Product Certification (Scheme I),https://www.bis.gov.in/product-certification/products-under-compulsory-certification/scheme-i-mark-scheme/?lang=en
IS 4397: 1999,Cold-rolled Carbon Steel Strips for Ball and Roller Bearing Cages/ Retainers- Specification.,1999,Mandatory (QCO),Compulsory Certification,"Cold, rolled, Carbon, Steel, Strips, Ball",Product Certification (Scheme I),https://www.bis.gov.in/product-certification/products-under-compulsory-certification/scheme-i-mark-scheme/?lang=en
IS 4398: 1994,"Carbon-chromium Steel for the Manufacture of Balls, Rollers and Bearing Races- Specification",1994,Mandatory (QCO),Compulsory Certification,"Carbon, chromium, Steel, Manufacture, Balls, Rollers",Product Certification (Scheme I),https://www.bis.gov.in/product-certification/products-under-compulsory-certification/scheme-i-mark-scheme/?lang=en
IS 6902: 1973,Specification for Steel Wire for spokes.,1973,Mandatory (QCO),Compulsory Certification,"Specification, Steel, Wire, spokes",Product Certification (Scheme I),https://www.bis.gov.in/product-certification/products-under-compulsory-certification/scheme-i-mark-scheme/?lang=en
IS 6967: 1973,Specification for Steel For Electrically welded round Link Chains.,1973,Mandatory (QCO),Compulsory Certification,"Specification, Steel, Electrically, welded, round, Link",Product Certification (Scheme I),https://www.bis.gov.in/product-certification/products-under-compulsory-certification/scheme-i-mark-scheme/?lang=en
IS 7226: 1974,"Specification for Cold rolled medium, high carbon and low alloy steel strip for general engineering purposes.",1974,Mandatory (QCO),Compulsory Certification,"Specification, Cold, rolled, medium, high, carbon",Product Certification (Scheme I),https://www.bis.gov.in/product-certification/products-under-compulsory-certification/scheme-i-mark-scheme/?lang=en
IS 7557: 1982,Specification for Steel Wire: (Up to 20 mm) for the manufacture of cold-forged rivets.,1982,Mandatory (QCO),Compulsory Certification,"Specification, Steel, Wire, manufacture, cold, forged",Product Certification (Scheme I),https://www.bis.gov.in/product-certification/products-under-compulsory-certification/scheme-i-mark-scheme/?lang=en
IS 8052: 2006,"Steel ingots, billets and blooms for the production of springs, rivets and screws for general engineering applications – Specification.",2006,Mandatory (QCO),Compulsory Certification,"Steel, ingots, billets, blooms, production, springs",Product Certification (Scheme I),https://www.bis.gov.in/product-certification/products-under-compulsory-certification/scheme-i-mark-scheme/?lang=en
IS 8951: 2001,"Steel Cast Billet Ingots, Billets and Blooms for production of High Carbon Steel Wire Rods- Specification",2001,Mandatory (QCO),Compulsory Certification,"Steel, Cast, Billet, Ingots, Billets, Blooms",Product Certification (Scheme I),https://www.bis.gov.in/product-certification/products-under-compulsory-certification/scheme-i-mark-scheme/?lang=en
IS 8952: 1995,"Steel ingots, blooms and billets for production of mild steel wire rods for general engineering purposes – Specification",1995,Mandatory (QCO),Compulsory Certification,"Steel, ingots, blooms, billets, production, mild",Product Certification (Scheme I),https://www.bis.gov.in/product-certification/products-under-compulsory-certification/scheme-i-mark-scheme/?lang=en
IS 9476: 1980,Specification for Cold rolled steel strips for carbon steel razor blades.,1980,Mandatory (QCO),Compulsory Certification,"Specification, Cold, rolled, steel, strips, carbon",Product Certification (Scheme I),https://www.bis.gov.in/product-certification/products-under-compulsory-certification/scheme-i-mark-scheme/?lang=en
IS 9962: 1981,Specification for Steel Wire for Needles.,1981,Mandatory (QCO),Compulsory Certification,"Specification, Steel, Wire, Needles",Product Certification (Scheme I),https://www.bis.gov.in/product-certification/products-under-compulsory-certification/scheme-i-mark-scheme/?lang=en
IS 17111: 2019 (ISO 683- 17: 2014),Heat-Treated Steels Alloy and Free-Cutting Steels — Ball and Roller Bearing Steels.,2019,Mandatory (QCO),Compulsory Certification,"Heat, Treated, Steels, Alloy, Free, Cutting",Product Certification (Scheme I),https://www.bis.gov.in/product-certification/products-under-compulsory-certification/scheme-i-mark-scheme/?lang=en
IS 14331:1995,Steels for High Temperature Bolting Applications – Specification,1995,Mandatory (QCO),Compulsory Certification,"Steels, High, Temperature, Bolting, Applications, Specification",Product Certification (Scheme I),https://www.bis.gov.in/product-certification/products-under-compulsory-certification/scheme-i-mark-scheme/?lang=en
IS 12594: 1988,Hot-dip Zinc Coating on Structural Steel Bars for Concrete Reinforcement – Specification,1988,Mandatory (QCO),Compulsory Certification,"Zinc, Coating, Structural, Steel, Bars, Concrete",Product Certification (Scheme I),https://www.bis.gov.in/product-certification/products-under-compulsory-certification/scheme-i-mark-scheme/?lang=en
IS 14650:1999,"Carbon Steel Cast Billet Ingots, Billets, Blooms and Slabs for Rerolling purposes- Specification",1999,Mandatory (QCO),Compulsory Certification,"Carbon, Steel, Cast, Billet, Ingots, Billets",Product Certification (Scheme I),https://www.bis.gov.in/product-certification/products-under-compulsory-certification/scheme-i-mark-scheme/?lang=en
IS 4882: 1979,Specification for Low Carbon Steel Wire for Rivets for use in Bearing Industry,1979,Mandatory (QCO),Compulsory Certification,"Specification, Carbon, Steel, Wire, Rivets, Bearing",Product Certification (Scheme I),https://www.bis.gov.in/product-certification/products-under-compulsory-certification/scheme-i-mark-scheme/?lang=en
IS 2090:1983,Specification for High Tensile Steel Bars used in Pre-stressed Concrete,2090,Mandatory (QCO),Compulsory Certification,"Specification, High, Tensile, Steel, Bars, used",Product Certification (Scheme I),https://www.bis.gov.in/product-certification/products-under-compulsory-certification/scheme-i-mark-scheme/?lang=en
IS 6529:1996,Stainless Steel Blooms Billets And Slabs For Forging,1996,Mandatory (QCO),Compulsory Certification,"Stainless, Steel, Blooms, Billets, Slabs, Forging",Product Certification (Scheme I),https://www.bis.gov.in/product-certification/products-under-compulsory-certification/scheme-i-mark-scheme/?lang=en
IS 9294:1979,Cold-Rolled Stainless Steel Strips for Razor Blades,1979,Mandatory (QCO),Compulsory Certification,"Cold, Rolled, Stainless, Steel, Strips, Razor",Product Certification (Scheme I),https://www.bis.gov.in/product-certification/products-under-compulsory-certification/scheme-i-mark-scheme/?lang=en
IS 10631:1983,Stainless Steel for welding electrode core wire,1983,Mandatory (QCO),Compulsory Certification,"Stainless, Steel, welding, electrode, core, wire",Product Certification (Scheme I),https://www.bis.gov.in/product-certification/products-under-compulsory-certification/scheme-i-mark-scheme/?lang=en
IS 10632 (Part 2):1983,Specification for Non Magnetic stainless steel for electrical applications Part 2 Specific requirements for binding wire.,1983,Mandatory (QCO),Compulsory Certification,"Specification, Magnetic, stainless, steel, electrical, applications",Product Certification (Scheme I),https://www.bis.gov.in/product-certification/products-under-compulsory-certification/scheme-i-mark-scheme/?lang=en
IS 10632 (Part 3):1983,"Specification for Non Magnetic stainless steel for electrical applications Part 3 Specific requirements for sheets, strips and plates.",1983,Mandatory (QCO),Compulsory Certification,"Specification, Magnetic, stainless, steel, electrical, applications",Product Certification (Scheme I),https://www.bis.gov.in/product-certification/products-under-compulsory-certification/scheme-i-mark-scheme/?lang=en
IS 11169 (Part 2): 1989,Steels for cold heading/cold extrusion applications – specification Part 2 Stainless steel,1989,Mandatory (QCO),Compulsory Certification,"Steels, cold, heading, extrusion, applications, specification",Product Certification (Scheme I),https://www.bis.gov.in/product-certification/products-under-compulsory-certification/scheme-i-mark-scheme/?lang=en
IS 5651:1987,Steels for Pneumatic Tools,1987,Mandatory (QCO),Compulsory Certification,"Steels, Pneumatic, Tools",Product Certification (Scheme I),https://www.bis.gov.in/product-certification/products-under-compulsory-certification/scheme-i-mark-scheme/?lang=en
IS 9516:1980,Heat Resisting Steels,1980,Mandatory (QCO),Compulsory Certification,"Heat, Resisting, Steels",Product Certification (Scheme I),https://www.bis.gov.in/product-certification/products-under-compulsory-certification/scheme-i-mark-scheme/?lang=en
IS 11952:1986,Steels For Piston Pins (Gudgeon Pins),1986,Mandatory (QCO),Compulsory Certification,"Steels, Piston, Pins, Gudgeon",Product Certification (Scheme I),https://www.bis.gov.in/product-certification/products-under-compulsory-certification/scheme-i-mark-scheme/?lang=en
IS 12045:1987,Alloys Used in Electrical Resistance Metallic Heating Elements,1987,Mandatory (QCO),Compulsory Certification,"Alloys, Used, Electrical, Resistance, Metallic, Heating",Product Certification (Scheme I),https://www.bis.gov.in/product-certification/products-under-compulsory-certification/scheme-i-mark-scheme/?lang=en
IS 14652:1999,18 Percent Nickel Maraging Steel Bars and Rods,1999,Mandatory (QCO),Compulsory Certification,"Percent, Nickel, Maraging, Steel, Bars, Rods",Product Certification (Scheme I),https://www.bis.gov.in/product-certification/products-under-compulsory-certification/scheme-i-mark-scheme/?lang=en
IS 1566:1982,Specification for Hard-drawn Steel Wire Fabric For Concrete Reinforcement,1982,Mandatory (QCO),Compulsory Certification,"Specification, Hard, drawn, Steel, Wire, Fabric",Product Certification (Scheme I),https://www.bis.gov.in/product-certification/products-under-compulsory-certification/scheme-i-mark-scheme/?lang=en
IS 1170: 1992,Ferrochromium – Specification,1992,Mandatory (QCO),Compulsory Certification,"Ferrochromium, Specification",Product Certification (Scheme I),https://www.bis.gov.in/product-certification/products-under-compulsory-certification/scheme-i-mark-scheme/?lang=en
IS 11946:1987,Soft Magnetic Iron Strips,1987,Mandatory (QCO),Compulsory Certification,"Soft, Magnetic, Iron, Strips",Product Certification (Scheme I),https://www.bis.gov.in/product-certification/products-under-compulsory-certification/scheme-i-mark-scheme/?lang=en
IS 11947:1987,"Soft Magnetic Iron Rods, Bars Flats and Sections",1987,Mandatory (QCO),Compulsory Certification,"Soft, Magnetic, Iron, Rods, Bars, Flats",Product Certification (Scheme I),https://www.bis.gov.in/product-certification/products-under-compulsory-certification/scheme-i-mark-scheme/?lang=en
IS 963: 1958,Chrome molybdenum steel bars and rods for aircraft purposes,1958,Mandatory (QCO),Compulsory Certification,"Chrome, molybdenum, steel, bars, rods, aircraft",Product Certification (Scheme I),https://www.bis.gov.in/product-certification/products-under-compulsory-certification/scheme-i-mark-scheme/?lang=en
IS 4454 (Part 4): 2001,Steel Wires for Mechanical Springs- Part 4: Stainless Steel Wire,2001,Mandatory (QCO),Compulsory Certification,"Steel, Wires, Mechanical, Springs, Part, Stainless",Product Certification (Scheme I),https://www.bis.gov.in/product-certification/products-under-compulsory-certification/scheme-i-mark-scheme/?lang=en
IS 1993 : 2018,Cold-reduced Electrolytic Tin Plate,1993,Mandatory (QCO),Compulsory Certification,"Cold, reduced, Electrolytic, Plate",Product Certification (Scheme I),https://www.bis.gov.in/product-certification/products-under-compulsory-certification/scheme-i-mark-scheme/?lang=en
IS 12591:2018,Cold-reduced Electrolytic Chromium/Chromium oxide – coated steel,2018,Mandatory (QCO),Compulsory Certification,"Cold, reduced, Electrolytic, Chromium, oxide, coated",Product Certification (Scheme I),https://www.bis.gov.in/product-certification/products-under-compulsory-certification/scheme-i-mark-scheme/?lang=en
IS 412:1975,Expanded Metal Steel Sheets For General Purposes,1975,Mandatory (QCO),Compulsory Certification,"Expanded, Metal, Steel, Sheets, General, Purposes",Product Certification (Scheme I),https://www.bis.gov.in/product-certification/products-under-compulsory-certification/scheme-i-mark-scheme/?lang=en
IS 2100: 1970,"Steel Billets,Bars And Sections For Boilers",1970,Mandatory (QCO),Compulsory Certification,"Steel, Billets, Bars, Sections, Boilers",Product Certification (Scheme I),https://www.bis.gov.in/product-certification/products-under-compulsory-certification/scheme-i-mark-scheme/?lang=en
IS 2589: 1975,Hard Drawn Steel Wire For Upholstery Springs,1975,Mandatory (QCO),Compulsory Certification,"Hard, Drawn, Steel, Wire, Upholstery, Springs",Product Certification (Scheme I),https://www.bis.gov.in/product-certification/products-under-compulsory-certification/scheme-i-mark-scheme/?lang=en
IS 3298: 1981,Mild Steel Rivet Bars For Ship Building,1981,Mandatory (QCO),Compulsory Certification,"Mild, Steel, Rivet, Bars, Ship, Building",Product Certification (Scheme I),https://www.bis.gov.in/product-certification/products-under-compulsory-certification/scheme-i-mark-scheme/?lang=en
IS 4072: 1975,Steel For Spring Washers,1975,Mandatory (QCO),Compulsory Certification,"Steel, Spring, Washers",Product Certification (Scheme I),https://www.bis.gov.in/product-certification/products-under-compulsory-certification/scheme-i-mark-scheme/?lang=en
IS 8510 (Part II): 1977,Steel Wire For Banding Of Armatures And Rotors Part II Specific Requirements for magnetic banding wires,1977,Mandatory (QCO),Compulsory Certification,"Steel, Wire, Banding, Armatures, Rotors, Part",Product Certification (Scheme I),https://www.bis.gov.in/product-certification/products-under-compulsory-certification/scheme-i-mark-scheme/?lang=en
IS 8510 (PartIII): 1977,Tinned Steel Wire For Banding Of Armatures And Rotors Part III Specific Requirements for non-magnetic banding wires,1977,Mandatory (QCO),Compulsory Certification,"Tinned, Steel, Wire, Banding, Armatures, Rotors",Product Certification (Scheme I),https://www.bis.gov.in/product-certification/products-under-compulsory-certification/scheme-i-mark-scheme/?lang=en
IS 8563: 1977,Half Round Mild Steel Wire For The Manufacture of Split Pins,1977,Mandatory (QCO),Compulsory Certification,"Half, Round, Mild, Steel, Wire, Manufacture",Product Certification (Scheme I),https://www.bis.gov.in/product-certification/products-under-compulsory-certification/scheme-i-mark-scheme/?lang=en
IS 8564: 1977,Steel Wire For Nipples For Spokes,1977,Mandatory (QCO),Compulsory Certification,"Steel, Wire, Nipples, Spokes",Product Certification (Scheme I),https://www.bis.gov.in/product-certification/products-under-compulsory-certification/scheme-i-mark-scheme/?lang=en
IS 8565: 1977,Heald Wire,1977,Mandatory (QCO),Compulsory Certification,"Heald, Wire",Product Certification (Scheme I),https://www.bis.gov.in/product-certification/products-under-compulsory-certification/scheme-i-mark-scheme/?lang=en
IS 8566: 1977,Steel Wire For Reeds,1977,Mandatory (QCO),Compulsory Certification,"Steel, Wire, Reeds",Product Certification (Scheme I),https://www.bis.gov.in/product-certification/products-under-compulsory-certification/scheme-i-mark-scheme/?lang=en
IS 8917: 1978,Plates For Galvanizing Pots,1978,Mandatory (QCO),Compulsory Certification,"Plates, Galvanizing, Pots",Product Certification (Scheme I),https://www.bis.gov.in/product-certification/products-under-compulsory-certification/scheme-i-mark-scheme/?lang=en
IS 9442: 1980,Hot Rolled Steel Plates Sheets And Strips For Manufacture of Agricultural Discs,1980,Mandatory (QCO),Compulsory Certification,"Rolled, Steel, Plates, Sheets, Strips, Manufacture",Product Certification (Scheme I),https://www.bis.gov.in/product-certification/products-under-compulsory-certification/scheme-i-mark-scheme/?lang=en
IS 9485: 1980,Cold-Reduced And Hot-Rolled Carbon Steel Sheet For Porcelain Enamelling,1980,Mandatory (QCO),Compulsory Certification,"Cold, Reduced, Rolled, Carbon, Steel, Sheet",Product Certification (Scheme I),https://www.bis.gov.in/product-certification/products-under-compulsory-certification/scheme-i-mark-scheme/?lang=en
IS 10794: 1984,Mild steel wire for cotter pins,1984,Mandatory (QCO),Compulsory Certification,"Mild, steel, wire, cotter, pins",Product Certification (Scheme I),https://www.bis.gov.in/product-certification/products-under-compulsory-certification/scheme-i-mark-scheme/?lang=en
IS 12262:1988,Trapezoidal Steel Wire For Springs Washers,1988,Mandatory (QCO),Compulsory Certification,"Trapezoidal, Steel, Wire, Springs, Washers",Product Certification (Scheme I),https://www.bis.gov.in/product-certification/products-under-compulsory-certification/scheme-i-mark-scheme/?lang=en
IS 1470: 2013,Silicomanganese – Specification,2013,Mandatory (QCO),Compulsory Certification,"Silicomanganese, Specification",Product Certification (Scheme I),https://www.bis.gov.in/product-certification/products-under-compulsory-certification/scheme-i-mark-scheme/?lang=en
IS 15911:2010,Structural Steel (Ordinary Quality),2010,Mandatory (QCO),Compulsory Certification,"Structural, Steel, Ordinary, Quality",Product Certification (Scheme I),https://www.bis.gov.in/product-certification/products-under-compulsory-certification/scheme-i-mark-scheme/?lang=en
IS 1171: 2011,Ferromanganese – Specification,2011,Mandatory (QCO),Compulsory Certification,"Ferromanganese, Specification",Product Certification (Scheme I),https://www.bis.gov.in/product-certification/products-under-compulsory-certification/scheme-i-mark-scheme/?lang=en
IS 4431: 1978,Carbon And Carbon- Manganese Free- Cutting Steels,1978,Mandatory (QCO),Compulsory Certification,"Carbon, Manganese, Free, Cutting, Steels",Product Certification (Scheme I),https://www.bis.gov.in/product-certification/products-under-compulsory-certification/scheme-i-mark-scheme/?lang=en
IS 4432: 1988,Case Hardening Steels,1988,Mandatory (QCO),Compulsory Certification,"Case, Hardening, Steels",Product Certification (Scheme I),https://www.bis.gov.in/product-certification/products-under-compulsory-certification/scheme-i-mark-scheme/?lang=en
IS 5518: 1996,Steels For Die Blocks For Drop Forging,1996,Mandatory (QCO),Compulsory Certification,"Steels, Blocks, Drop, Forging",Product Certification (Scheme I),https://www.bis.gov.in/product-certification/products-under-compulsory-certification/scheme-i-mark-scheme/?lang=en
IS 8748: 1978,Forged/Rolled CTC Segments,1978,Mandatory (QCO),Compulsory Certification,"Forged, Rolled, Segments",Product Certification (Scheme I),https://www.bis.gov.in/product-certification/products-under-compulsory-certification/scheme-i-mark-scheme/?lang=en
IS 12145: 1987,Quenched And Tempered Alloy Steel Forgings For Pressure Vessels,1987,Mandatory (QCO),Compulsory Certification,"Quenched, Tempered, Alloy, Steel, Forgings, Pressure",Product Certification (Scheme I),https://www.bis.gov.in/product-certification/products-under-compulsory-certification/scheme-i-mark-scheme/?lang=en
IS 13387: 1992,Tool Steel Forgings For Metal Forming,1992,Mandatory (QCO),Compulsory Certification,"Tool, Steel, Forgings, Metal, Forming",Product Certification (Scheme I),https://www.bis.gov.in/product-certification/products-under-compulsory-certification/scheme-i-mark-scheme/?lang=en
IS 14698:1999,"Carbon And Low Alloy Billets, Blooms, Slabs And Bars For Manufacture Of Shell BodiesAnd Proof Shots Used In Defence Services",1999,Mandatory (QCO),Compulsory Certification,"Carbon, Alloy, Billets, Blooms, Slabs, Bars",Product Certification (Scheme I),https://www.bis.gov.in/product-certification/products-under-compulsory-certification/scheme-i-mark-scheme/?lang=en
IS/ISO 11951 : 2016,Cold – Reduced tinmill products – Blackplate,2016,Mandatory (QCO),Compulsory Certification,"Cold, Reduced, tinmill, products, Blackplate",Product Certification (Scheme I),https://www.bis.gov.in/product-certification/products-under-compulsory-certification/scheme-i-mark-scheme/?lang=en
IS 3930: 1994,Flame And Induction Hardening Steels,1994,Mandatory (QCO),Compulsory Certification,"Flame, Induction, Hardening, Steels",Product Certification (Scheme I),https://www.bis.gov.in/product-certification/products-under-compulsory-certification/scheme-i-mark-scheme/?lang=en
IS 5478: 1969,Thermostat Metal Sheet and Strip,1969,Mandatory (QCO),Compulsory Certification,"Thermostat, Metal, Sheet, Strip",Product Certification (Scheme I),https://www.bis.gov.in/product-certification/products-under-compulsory-certification/scheme-i-mark-scheme/?lang=en
IS 13352: 1992,"Stock for Forgings produced from Continuously Cast Blooms, Billets and Slabs",1992,Mandatory (QCO),Compulsory Certification,"Stock, Forgings, produced, from, Continuously, Cast",Product Certification (Scheme I),https://www.bis.gov.in/product-certification/products-under-compulsory-certification/scheme-i-mark-scheme/?lang=en
IS 16644: 2018,"Stress-Relieved, Low Relaxation Steel Wire for Pre-stressed Concrete",2018,Mandatory (QCO),Compulsory Certification,"Stress, Relieved, Relaxation, Steel, Wire, stressed",Product Certification (Scheme I),https://www.bis.gov.in/product-certification/products-under-compulsory-certification/scheme-i-mark-scheme/?lang=en
IS 17404 : 2020,Electrogalvanized Hot Rolled and Cold Reduced Carbon Steel Sheetsand Strips,2020,Mandatory (QCO),Compulsory Certification,"Electrogalvanized, Rolled, Cold, Reduced, Carbon, Steel",Product Certification (Scheme I),https://www.bis.gov.in/product-certification/products-under-compulsory-certification/scheme-i-mark-scheme/?lang=en
IS 18316: 2023,Hot Rolled and Cold Rolled Steel Strips Intended For Processing Of Semi/Fully Processed NonGrain Oriented Electrical Steel Or Fully Processed Grain Oriented Electrical Steel,2023,Mandatory (QCO),Compulsory Certification,"Rolled, Cold, Steel, Strips, Intended, Processing",Product Certification (Scheme I),https://www.bis.gov.in/product-certification/products-under-compulsory-certification/scheme-i-mark-scheme/?lang=en
IS 18384: 2023,"Hot-Rolled Steel Strip, Sheet and Plates for Welded Steel Pipe for Pipeline Transportation Systems",2023,Mandatory (QCO),Compulsory Certification,"Rolled, Steel, Strip, Sheet, Plates, Welded",Product Certification (Scheme I),https://www.bis.gov.in/product-certification/products-under-compulsory-certification/scheme-i-mark-scheme/?lang=en
IS 18385: 2023,Hot- Dip galvanized/ galvannealed Steel Sheet and strips for Automotive Applications,2023,Mandatory (QCO),Compulsory Certification,"galvanized, galvannealed, Steel, Sheet, strips, Automotive",Product Certification (Scheme I),https://www.bis.gov.in/product-certification/products-under-compulsory-certification/scheme-i-mark-scheme/?lang=en
IS 18513: 2023,"Hot-Dip Zinc – Aluminium – Magnesium Alloy Coated Steel Sheets, Plates and Strips",2023,Mandatory (QCO),Compulsory Certification,"Zinc, Aluminium, Magnesium, Alloy, Coated, Steel",Product Certification (Scheme I),https://www.bis.gov.in/product-certification/products-under-compulsory-certification/scheme-i-mark-scheme/?lang=en
IS 1469: 1993,Ferromolybdenum – Specification,1993,Mandatory (QCO),Compulsory Certification,"Ferromolybdenum, Specification",Product Certification (Scheme I),https://www.bis.gov.in/product-certification/products-under-compulsory-certification/scheme-i-mark-scheme/?lang=en
IS 1466: 1985,Specification for Ferro Vanadium,1985,Mandatory (QCO),Compulsory Certification,"Specification, Ferro, Vanadium",Product Certification (Scheme I),https://www.bis.gov.in/product-certification/products-under-compulsory-certification/scheme-i-mark-scheme/?lang=en
IS 8329 : 2000,"Centrifugally cast (spun) ductile iron pressure pipes for water, gas and sewage",2000,Mandatory (QCO),Compulsory Certification,"Centrifugally, cast, spun, ductile, iron, pressure",Product Certification (Scheme I),https://www.bis.gov.in/product-certification/products-under-compulsory-certification/scheme-i-mark-scheme/?lang=en
IS 9523:2000,"Ductile iron fittings for pressure pipes for water, gas and sewage",2000,Mandatory (QCO),Compulsory Certification,"Ductile, iron, fittings, pressure, pipes, water",Product Certification (Scheme I),https://www.bis.gov.in/product-certification/products-under-compulsory-certification/scheme-i-mark-scheme/?lang=en
IS 1161:2014,Steel tubes for structural purposes,2014,Mandatory (QCO),Compulsory Certification,"Steel, tubes, structural, purposes",Product Certification (Scheme I),https://www.bis.gov.in/product-certification/products-under-compulsory-certification/scheme-i-mark-scheme/?lang=en
IS 1239 (Part 1):2014,"Steel Tubes, Tubulars and Other Wrought Steel Fittings – Part 1 : Steel Tubes",2014,Mandatory (QCO),Compulsory Certification,"Steel, Tubes, Tubulars, Other, Wrought, Fittings",Product Certification (Scheme I),https://www.bis.gov.in/product-certification/products-under-compulsory-certification/scheme-i-mark-scheme/?lang=en
IS 4270:2001,Steel tubes used for water-wells (upto 200 mm dia),2001,Mandatory (QCO),Compulsory Certification,"Steel, tubes, used, water, wells, upto",Product Certification (Scheme I),https://www.bis.gov.in/product-certification/products-under-compulsory-certification/scheme-i-mark-scheme/?lang=en
IS 9139:1979,Specification for Malleable iron shots and grits for use in foundries,1979,Mandatory (QCO),Compulsory Certification,"Specification, Malleable, iron, shots, grits, foundries",Product Certification (Scheme I),https://www.bis.gov.in/product-certification/products-under-compulsory-certification/scheme-i-mark-scheme/?lang=en
IS 1180 (Part 1),"Out door type Oil immersed Distribution Transformers upto and including 2500 kVA, 33 KV-specification Part 1 Mineral oil immersed",2015,Mandatory (QCO),Compulsory Certification,"door, type, immersed, Distribution, Transformers, upto",Product Certification (Scheme I),https://www.bis.gov.in/product-certification/products-under-compulsory-certification/scheme-i-mark-scheme/?lang=en
IS 12615,Energy Efficient Induction Motors-Three Phase Squirrel Cage,2017,Mandatory (QCO),Compulsory Certification,"Energy, Efficient, Induction, Motors, Three, Phase",Product Certification (Scheme I),https://www.bis.gov.in/product-certification/products-under-compulsory-certification/scheme-i-mark-scheme/?lang=en
IS 2993,A.C. motor capacitors,2018,Mandatory (QCO),Compulsory Certification,"motor, capacitors",Product Certification (Scheme I),https://www.bis.gov.in/product-certification/products-under-compulsory-certification/scheme-i-mark-scheme/?lang=en
IS 13340,Power Capacitors of Self-healing Type for AC Power Systems having Rated Voltage up to 650V,Current,Mandatory (QCO),Compulsory Certification,"Power, Capacitors, Self, healing, Type, Systems",Product Certification (Scheme I),https://www.bis.gov.in/product-certification/products-under-compulsory-certification/scheme-i-mark-scheme/?lang=en
IS 13585 Part 1,"Shunt Power Capacitors of the Non-Self-Healing Type for AC System having a Rated Voltage up to and Including 1000V Part-1 General Performance, Testing amd Rating Safety Requirements Guide for Installation and Operation",Current,Mandatory (QCO),Compulsory Certification,"Shunt, Power, Capacitors, Self, Healing, Type",Product Certification (Scheme I),https://www.bis.gov.in/product-certification/products-under-compulsory-certification/scheme-i-mark-scheme/?lang=en
IS 252:2013,Caustic Soda -Specification,2013,Mandatory (QCO),Compulsory Certification,"Caustic, Soda, Specification",Product Certification (Scheme I),https://www.bis.gov.in/product-certification/products-under-compulsory-certification/scheme-i-mark-scheme/?lang=en
IS 10116 : 2015,Boric Acid – Specification,2015,Mandatory (QCO),Compulsory Certification,"Boric, Acid, Specification",Product Certification (Scheme I),https://www.bis.gov.in/product-certification/products-under-compulsory-certification/scheme-i-mark-scheme/?lang=en
IS 15573,Poly Aluminium Chloride,2019,Mandatory (QCO),Compulsory Certification,"Poly, Aluminium, Chloride",Product Certification (Scheme I),https://www.bis.gov.in/product-certification/products-under-compulsory-certification/scheme-i-mark-scheme/?lang=en
IS 695:2020,Acetic Acid,2020,Mandatory (QCO),Compulsory Certification,"Acetic, Acid",Product Certification (Scheme I),https://www.bis.gov.in/product-certification/products-under-compulsory-certification/scheme-i-mark-scheme/?lang=en
IS 2833:2019,Aniline,2019,Mandatory (QCO),Compulsory Certification,Aniline,Product Certification (Scheme I),https://www.bis.gov.in/product-certification/products-under-compulsory-certification/scheme-i-mark-scheme/?lang=en
IS 517:2020,Methanol,2020,Mandatory (QCO),Compulsory Certification,Methanol,Product Certification (Scheme I),https://www.bis.gov.in/product-certification/products-under-compulsory-certification/scheme-i-mark-scheme/?lang=en
IS 5158: 1987,"Specification for Phthalic Anhydride, Technical",1987,Mandatory (QCO),Compulsory Certification,"Specification, Phthalic, Anhydride, Technical",Product Certification (Scheme I),https://www.bis.gov.in/product-certification/products-under-compulsory-certification/scheme-i-mark-scheme/?lang=en
IS 8058:2018,Pyridine,2018,Mandatory (QCO),Compulsory Certification,Pyridine,Product Certification (Scheme I),https://www.bis.gov.in/product-certification/products-under-compulsory-certification/scheme-i-mark-scheme/?lang=en
IS 16113:2013,Gamma Picoline,2013,Mandatory (QCO),Compulsory Certification,"Gamma, Picoline",Product Certification (Scheme I),https://www.bis.gov.in/product-certification/products-under-compulsory-certification/scheme-i-mark-scheme/?lang=en
IS 16112:2013,Beta Picoline,2013,Mandatory (QCO),Compulsory Certification,"Beta, Picoline",Product Certification (Scheme I),https://www.bis.gov.in/product-certification/products-under-compulsory-certification/scheme-i-mark-scheme/?lang=en
IS 12084: 2018,Morpholine,2018,Mandatory (QCO),Compulsory Certification,Morpholine,Product Certification (Scheme I),https://www.bis.gov.in/product-certification/products-under-compulsory-certification/scheme-i-mark-scheme/?lang=en
IS 297:2001,"Sodium Sulphide, Technical",2001,Mandatory (QCO),Compulsory Certification,"Sodium, Sulphide, Technical",Product Certification (Scheme I),https://www.bis.gov.in/product-certification/products-under-compulsory-certification/scheme-i-mark-scheme/?lang=en
IS 7129:1992,"Potassium Carbonate, Anhydrous",1992,Mandatory (QCO),Compulsory Certification,"Potassium, Carbonate, Anhydrous",Product Certification (Scheme I),https://www.bis.gov.in/product-certification/products-under-compulsory-certification/scheme-i-mark-scheme/?lang=en
IS 170:2004,Acetone,2004,Mandatory (QCO),Compulsory Certification,Acetone,Product Certification (Scheme I),https://www.bis.gov.in/product-certification/products-under-compulsory-certification/scheme-i-mark-scheme/?lang=en
IS 4581:1978,"Phosphorous Trichloride, pure and Analytical Reagent",1978,Mandatory (QCO),Compulsory Certification,"Phosphorous, Trichloride, pure, Analytical, Reagent",Product Certification (Scheme I),https://www.bis.gov.in/product-certification/products-under-compulsory-certification/scheme-i-mark-scheme/?lang=en
IS 11744:1986,"Phosphorous Pentachloride, Technical",1986,Mandatory (QCO),Compulsory Certification,"Phosphorous, Pentachloride, Technical",Product Certification (Scheme I),https://www.bis.gov.in/product-certification/products-under-compulsory-certification/scheme-i-mark-scheme/?lang=en
IS 11657:1986,"Phosphorous Oxychloride, Technical",1986,Mandatory (QCO),Compulsory Certification,"Phosphorous, Oxychloride, Technical",Product Certification (Scheme I),https://www.bis.gov.in/product-certification/products-under-compulsory-certification/scheme-i-mark-scheme/?lang=en
IS 2080:2021,Stabilized Hydrogen Peroxide,2080,Mandatory (QCO),Compulsory Certification,"Stabilized, Hydrogen, Peroxide",Product Certification (Scheme I),https://www.bis.gov.in/product-certification/products-under-compulsory-certification/scheme-i-mark-scheme/?lang=en
IS 3205:1984,"Precipitated Barium Carbonate, Technical",1984,Mandatory (QCO),Compulsory Certification,"Precipitated, Barium, Carbonate, Technical",Product Certification (Scheme I),https://www.bis.gov.in/product-certification/products-under-compulsory-certification/scheme-i-mark-scheme/?lang=en
IS 12928:1990,Precipitated Barium for Ceramic and Glass Industry,1990,Mandatory (QCO),Compulsory Certification,"Precipitated, Barium, Ceramic, Glass, Industry",Product Certification (Scheme I),https://www.bis.gov.in/product-certification/products-under-compulsory-certification/scheme-i-mark-scheme/?lang=en
IS 4505:2015,Sodium Formaldehyde Sulphoxylate,2015,Mandatory (QCO),Compulsory Certification,"Sodium, Formaldehyde, Sulphoxylate",Product Certification (Scheme I),https://www.bis.gov.in/product-certification/products-under-compulsory-certification/scheme-i-mark-scheme/?lang=en
IS 6100:1984,"Sodium Tripolyphosphate, Anhydrous, Technical",1984,Mandatory (QCO),Compulsory Certification,"Sodium, Tripolyphosphate, Anhydrous, Technical",Product Certification (Scheme I),https://www.bis.gov.in/product-certification/products-under-compulsory-certification/scheme-i-mark-scheme/?lang=en
IS 14709:1999,n- Butyl Acrylate,1999,Mandatory (QCO),Compulsory Certification,"Butyl, Acrylate",Product Certification (Scheme I),https://www.bis.gov.in/product-certification/products-under-compulsory-certification/scheme-i-mark-scheme/?lang=en
IS 336:1973,Ether,1973,Mandatory (QCO),Compulsory Certification,Ether,Product Certification (Scheme I),https://www.bis.gov.in/product-certification/products-under-compulsory-certification/scheme-i-mark-scheme/?lang=en
IS 5295:1985,Ethylene Glycol,1985,Mandatory (QCO),Compulsory Certification,"Ethylene, Glycol",Product Certification (Scheme I),https://www.bis.gov.in/product-certification/products-under-compulsory-certification/scheme-i-mark-scheme/?lang=en
IS 537:2011,Toluene,2011,Mandatory (QCO),Compulsory Certification,Toluene,Product Certification (Scheme I),https://www.bis.gov.in/product-certification/products-under-compulsory-certification/scheme-i-mark-scheme/?lang=en
IS 15030:2001,Terephthalic Acid,2001,Mandatory (QCO),Compulsory Certification,"Terephthalic, Acid",Product Certification (Scheme I),https://www.bis.gov.in/product-certification/products-under-compulsory-certification/scheme-i-mark-scheme/?lang=en
IS 14707: 1999,Methyl Acrylate,1999,Mandatory (QCO),Compulsory Certification,"Methyl, Acrylate",Product Certification (Scheme I),https://www.bis.gov.in/product-certification/products-under-compulsory-certification/scheme-i-mark-scheme/?lang=en
IS 14708:1999,Ethyl Acrylate,1999,Mandatory (QCO),Compulsory Certification,"Ethyl, Acrylate",Product Certification (Scheme I),https://www.bis.gov.in/product-certification/products-under-compulsory-certification/scheme-i-mark-scheme/?lang=en
IS 12345:1988,Vinyl Acetate Monomer,1988,Mandatory (QCO),Compulsory Certification,"Vinyl, Acetate, Monomer",Product Certification (Scheme I),https://www.bis.gov.in/product-certification/products-under-compulsory-certification/scheme-i-mark-scheme/?lang=en
IS 4105:2020,Styrene (Vinyl Benzene),2020,Mandatory (QCO),Compulsory Certification,"Styrene, Vinyl, Benzene",Product Certification (Scheme I),https://www.bis.gov.in/product-certification/products-under-compulsory-certification/scheme-i-mark-scheme/?lang=en
IS 5149:2020,"Maleic Anhydride, Technical",2020,Mandatory (QCO),Compulsory Certification,"Maleic, Anhydride, Technical",Product Certification (Scheme I),https://www.bis.gov.in/product-certification/products-under-compulsory-certification/scheme-i-mark-scheme/?lang=en
IS 12540:1988,Acrylonitrile,1988,Mandatory (QCO),Compulsory Certification,Acrylonitrile,Product Certification (Scheme I),https://www.bis.gov.in/product-certification/products-under-compulsory-certification/scheme-i-mark-scheme/?lang=en
IS 17265:2019,100 Percent. Polyester Spun Grey and White Yarn (PSY),2019,Mandatory (QCO),Compulsory Certification,"Percent, Polyester, Spun, Grey, White, Yarn",Product Certification (Scheme I),https://www.bis.gov.in/product-certification/products-under-compulsory-certification/scheme-i-mark-scheme/?lang=en
IS 17261:2019,Polyester Continuous Filament Fully Drawn Yarn (FDY),2019,Mandatory (QCO),Compulsory Certification,"Polyester, Continuous, Filament, Fully, Drawn, Yarn",Product Certification (Scheme I),https://www.bis.gov.in/product-certification/products-under-compulsory-certification/scheme-i-mark-scheme/?lang=en
IS 17264:2019,Polyester Industrial Yarn (IDY),2019,Mandatory (QCO),Compulsory Certification,"Polyester, Industrial, Yarn",Product Certification (Scheme I),https://www.bis.gov.in/product-certification/products-under-compulsory-certification/scheme-i-mark-scheme/?lang=en
IS 17262:2019,Polyester Partially Oriented Yarn (POY),2019,Mandatory (QCO),Compulsory Certification,"Polyester, Partially, Oriented, Yarn",Product Certification (Scheme I),https://www.bis.gov.in/product-certification/products-under-compulsory-certification/scheme-i-mark-scheme/?lang=en
IS 17263:2019,Polyester Staple Fibres (PSF),2019,Mandatory (QCO),Compulsory Certification,"Polyester, Staple, Fibres",Product Certification (Scheme I),https://www.bis.gov.in/product-certification/products-under-compulsory-certification/scheme-i-mark-scheme/?lang=en
IS 7328:2020,Polyethylene Material for moulding and extrusion(i) Low Density Polyethylene (LDPE)(ii) Linear Low-Density Polyethylene (LLDPE)(iii) High Density Polyethylene (HDPE),2020,Mandatory (QCO),Compulsory Certification,"Polyethylene, Material, moulding, extrusion, Density, LDPE",Product Certification (Scheme I),https://www.bis.gov.in/product-certification/products-under-compulsory-certification/scheme-i-mark-scheme/?lang=en
IS 11356:2020,Styrene-Butadiene Rubber Latex,2020,Mandatory (QCO),Compulsory Certification,"Styrene, Butadiene, Rubber, Latex",Product Certification (Scheme I),https://www.bis.gov.in/product-certification/products-under-compulsory-certification/scheme-i-mark-scheme/?lang=en
IS 16481:2016,Synthetic Micro-Fibres for use in Cement Based Matrix,2016,Mandatory (QCO),Compulsory Certification,"Synthetic, Micro, Fibres, Cement, Based, Matrix",Product Certification (Scheme I),https://www.bis.gov.in/product-certification/products-under-compulsory-certification/scheme-i-mark-scheme/?lang=en
IS 12795:2020,Linear Alkyl Benzene,2020,Mandatory (QCO),Compulsory Certification,"Linear, Alkyl, Benzene",Product Certification (Scheme I),https://www.bis.gov.in/product-certification/products-under-compulsory-certification/scheme-i-mark-scheme/?lang=en
IS 13601:1993,Ethylene Vinyl Acetate (EVA) Copolymers,1993,Mandatory (QCO),Compulsory Certification,"Ethylene, Vinyl, Acetate, Copolymers",Product Certification (Scheme I),https://www.bis.gov.in/product-certification/products-under-compulsory-certification/scheme-i-mark-scheme/?lang=en
IS 7686:2020,"3(N, N-DiEthyl) Aminophenol",2020,Mandatory (QCO),Compulsory Certification,"DiEthyl, Aminophenol",Product Certification (Scheme I),https://www.bis.gov.in/product-certification/products-under-compulsory-certification/scheme-i-mark-scheme/?lang=en
IS 4566:2020,Methylene Chloride (Dichloromethane),2020,Mandatory (QCO),Compulsory Certification,"Methylene, Chloride, Dichloromethane",Product Certification (Scheme I),https://www.bis.gov.in/product-certification/products-under-compulsory-certification/scheme-i-mark-scheme/?lang=en
IS 2012:2006,Red Phosphorus,2012,Mandatory (QCO),Compulsory Certification,Phosphorus,Product Certification (Scheme I),https://www.bis.gov.in/product-certification/products-under-compulsory-certification/scheme-i-mark-scheme/?lang=en
IS 17077 :2019/ISO 19062-1 : 2015,Acrylonitrile Butadiene Styrene (ABS),2019,Mandatory (QCO),Compulsory Certification,"Acrylonitrile, Butadiene, Styrene",Product Certification (Scheme I),https://www.bis.gov.in/product-certification/products-under-compulsory-certification/scheme-i-mark-scheme/?lang=en
IS 869:2020,Ethylene Dichloride,2020,Mandatory (QCO),Compulsory Certification,"Ethylene, Dichloride",Product Certification (Scheme I),https://www.bis.gov.in/product-certification/products-under-compulsory-certification/scheme-i-mark-scheme/?lang=en
IS 17370:2020,p-Xylene,2020,Mandatory (QCO),Compulsory Certification,Xylene,Product Certification (Scheme I),https://www.bis.gov.in/product-certification/products-under-compulsory-certification/scheme-i-mark-scheme/?lang=en
IS 14434:1998,Polycarbonate,1998,Mandatory (QCO),Compulsory Certification,Polycarbonate,Product Certification (Scheme I),https://www.bis.gov.in/product-certification/products-under-compulsory-certification/scheme-i-mark-scheme/?lang=en
IS 17397 (Part 1) : 2020/ISO 16365-1 : 2014,Polyurethanes,2020,Mandatory (QCO),Compulsory Certification,Polyurethanes,Product Certification (Scheme I),https://www.bis.gov.in/product-certification/products-under-compulsory-certification/scheme-i-mark-scheme/?lang=en
IS 17442:2020,Vinyl Chloride Monomer,2020,Mandatory (QCO),Compulsory Certification,"Vinyl, Chloride, Monomer",Product Certification (Scheme I),https://www.bis.gov.in/product-certification/products-under-compulsory-certification/scheme-i-mark-scheme/?lang=en
IS 17450 : 2020,"1,3 Phenylenediamine",2020,Mandatory (QCO),Compulsory Certification,Phenylenediamine,Product Certification (Scheme I),https://www.bis.gov.in/product-certification/products-under-compulsory-certification/scheme-i-mark-scheme/?lang=en
IS 10931 : 1984,Lauric Acid,1984,Mandatory (QCO),Compulsory Certification,"Lauric, Acid",Product Certification (Scheme I),https://www.bis.gov.in/product-certification/products-under-compulsory-certification/scheme-i-mark-scheme/?lang=en
IS 12029 : 1986,Acid Oil,1986,Mandatory (QCO),Compulsory Certification,Acid,Product Certification (Scheme I),https://www.bis.gov.in/product-certification/products-under-compulsory-certification/scheme-i-mark-scheme/?lang=en
IS 12067: 1987,Palm Fatty Acids,1987,Mandatory (QCO),Compulsory Certification,"Palm, Fatty, Acids",Product Certification (Scheme I),https://www.bis.gov.in/product-certification/products-under-compulsory-certification/scheme-i-mark-scheme/?lang=en
IS 12068 :1987,Rice Bran Fatty Acids,1987,Mandatory (QCO),Compulsory Certification,"Rice, Bran, Fatty, Acids",Product Certification (Scheme I),https://www.bis.gov.in/product-certification/products-under-compulsory-certification/scheme-i-mark-scheme/?lang=en
IS 12069 : 1987,Coconut Fatty Acids,1987,Mandatory (QCO),Compulsory Certification,"Coconut, Fatty, Acids",Product Certification (Scheme I),https://www.bis.gov.in/product-certification/products-under-compulsory-certification/scheme-i-mark-scheme/?lang=en
IS 12124 : 1987,Rubberseed Fatty Acids,1987,Mandatory (QCO),Compulsory Certification,"Rubberseed, Fatty, Acids",Product Certification (Scheme I),https://www.bis.gov.in/product-certification/products-under-compulsory-certification/scheme-i-mark-scheme/?lang=en
IS 12361 :1988,Hydrogenated Rice Bran Fatty Acids,1988,Mandatory (QCO),Compulsory Certification,"Hydrogenated, Rice, Bran, Fatty, Acids",Product Certification (Scheme I),https://www.bis.gov.in/product-certification/products-under-compulsory-certification/scheme-i-mark-scheme/?lang=en
IS 302 (Part 2/ Section 14),Hand-held Blender,2018,Mandatory (QCO),Compulsory Certification,"Hand, held, Blender",Product Certification (Scheme I),https://www.bis.gov.in/product-certification/products-under-compulsory-certification/scheme-i-mark-scheme/?lang=en
IS 4250,Domestic Electric Food Mixer (Liquidizers and Grinders) and Centrifugal Juicer,Current,Mandatory (QCO),Compulsory Certification,"Domestic, Electric, Food, Mixer, Liquidizers, Grinders",Product Certification (Scheme I),https://www.bis.gov.in/product-certification/products-under-compulsory-certification/scheme-i-mark-scheme/?lang=en
IS 15558,Instantaneous Domestic Water Heater for use with Liquefied Petroleum Gas,2018,Mandatory (QCO),Compulsory Certification,"Instantaneous, Domestic, Water, Heater, with, Liquefied",Product Certification (Scheme I),https://www.bis.gov.in/product-certification/products-under-compulsory-certification/scheme-i-mark-scheme/?lang=en
IS 1391 (Part-1): 2017,Room Air Conditioners- Specification Part 1 Unitary Air Conditioners,2017,Mandatory (QCO),Compulsory Certification,"Room, Conditioners, Specification, Part, Unitary",Product Certification (Scheme I),https://www.bis.gov.in/product-certification/products-under-compulsory-certification/scheme-i-mark-scheme/?lang=en
IS 1391 (Part-2): 2018,Room Air Conditioners- Specification Part 2 Split Air Conditioners,2018,Mandatory (QCO),Compulsory Certification,"Room, Conditioners, Specification, Part, Split",Product Certification (Scheme I),https://www.bis.gov.in/product-certification/products-under-compulsory-certification/scheme-i-mark-scheme/?lang=en
IS 8148:2018,Ducted and Package Air Conditioners,2018,Mandatory (QCO),Compulsory Certification,"Ducted, Package, Conditioners",Product Certification (Scheme I),https://www.bis.gov.in/product-certification/products-under-compulsory-certification/scheme-i-mark-scheme/?lang=en
IS 11329:2018,Finned type Heat Exchanger for Room Air Conditioner,2018,Mandatory (QCO),Compulsory Certification,"Finned, type, Heat, Exchanger, Room, Conditioner",Product Certification (Scheme I),https://www.bis.gov.in/product-certification/products-under-compulsory-certification/scheme-i-mark-scheme/?lang=en
IS 10617:2018,Hermetic compressorHermetic Compressors-Specification,2018,Mandatory (QCO),Compulsory Certification,"Hermetic, compressorHermetic, Compressors, Specification",Product Certification (Scheme I),https://www.bis.gov.in/product-certification/products-under-compulsory-certification/scheme-i-mark-scheme/?lang=en
IS 1293 : 2005,Plugs and socket-outlets of Rated Voltage up to and including 250 Volts and Rated current up to and including 16 amperes,2005,Mandatory (QCO),Compulsory Certification,"Plugs, socket, outlets, Rated, Voltage, including",Product Certification (Scheme I),https://www.bis.gov.in/product-certification/products-under-compulsory-certification/scheme-i-mark-scheme/?lang=en
IS 15884:2010,Alternating Current Direct Connected Static Prepayment Meters for Active Energy (Class1 and 2),2010,Mandatory (QCO),Compulsory Certification,"Alternating, Current, Direct, Connected, Static, Prepayment",Product Certification (Scheme I),https://www.bis.gov.in/product-certification/products-under-compulsory-certification/scheme-i-mark-scheme/?lang=en
IS 4246: 2002,Domestic Gas Stoves for use with Liquefied Petroleum Gases,2002,Mandatory (QCO),Compulsory Certification,"Domestic, Stoves, with, Liquefied, Petroleum, Gases",Product Certification (Scheme I),https://www.bis.gov.in/product-certification/products-under-compulsory-certification/scheme-i-mark-scheme/?lang=en
IS 14900: 2018,Transparent Float Glass,2018,Mandatory (QCO),Compulsory Certification,"Transparent, Float, Glass",Product Certification (Scheme I),https://www.bis.gov.in/product-certification/products-under-compulsory-certification/scheme-i-mark-scheme/?lang=en
IS 2347:2017,Domestic Pressure Cooker,2017,Mandatory (QCO),Compulsory Certification,"Domestic, Pressure, Cooker",Product Certification (Scheme I),https://www.bis.gov.in/product-certification/products-under-compulsory-certification/scheme-i-mark-scheme/?lang=en
IS 1554(Part 1) : 1988,Specification for PVC Insulated (Heavy Duty) Electric Cables Part 1 For Working Voltages up to and Including 1100 V,1988,Mandatory (QCO),Compulsory Certification,"Specification, Insulated, Heavy, Duty, Electric, Cables",Product Certification (Scheme I),https://www.bis.gov.in/product-certification/products-under-compulsory-certification/scheme-i-mark-scheme/?lang=en
IS 1554(Part 2) : 1988,Specification for PVC Insulated (Heavy Duty) Electric Cables Part 2 For Working Voltages from 3.3 kV up to and Including 11 kV,1988,Mandatory (QCO),Compulsory Certification,"Specification, Insulated, Heavy, Duty, Electric, Cables",Product Certification (Scheme I),https://www.bis.gov.in/product-certification/products-under-compulsory-certification/scheme-i-mark-scheme/?lang=en
IS 7098 (Part 1) : 1988,Specification for Crosslinked Polyethylene Insulated PVC Sheathed Cables Part 1 for working voltages up to and including 1100 V,1988,Mandatory (QCO),Compulsory Certification,"Specification, Crosslinked, Polyethylene, Insulated, Sheathed, Cables",Product Certification (Scheme I),https://www.bis.gov.in/product-certification/products-under-compulsory-certification/scheme-i-mark-scheme/?lang=en
IS 7098 (Part 2) : 2011,Crosslinked polyethylene insulated Thermoplastics sheathed cables – Specification Part 2 for working voltages from 3.3 kV up to and including 33 kV,2011,Mandatory (QCO),Compulsory Certification,"Crosslinked, polyethylene, insulated, Thermoplastics, sheathed, cables",Product Certification (Scheme I),https://www.bis.gov.in/product-certification/products-under-compulsory-certification/scheme-i-mark-scheme/?lang=en
IS 7098 (Part 3) : 1993,Cross-Linked Polyethylene Insulated Thermoplastics Sheathed Cables Part 3 For Working Voltages from 66 kV Up to and Including 220 kV,1993,Mandatory (QCO),Compulsory Certification,"Cross, Linked, Polyethylene, Insulated, Thermoplastics, Sheathed",Product Certification (Scheme I),https://www.bis.gov.in/product-certification/products-under-compulsory-certification/scheme-i-mark-scheme/?lang=en
IS 14255 : 1995,Aerial Bunched Cables – For Working Voltages Up to and Including 1100 Volts – Specification,1995,Mandatory (QCO),Compulsory Certification,"Aerial, Bunched, Cables, Working, Voltages, Including",Product Certification (Scheme I),https://www.bis.gov.in/product-certification/products-under-compulsory-certification/scheme-i-mark-scheme/?lang=en
IS 9968 (Part 2) : 2002,Specification for Elastomer Insulated Cables Part 2 For Working Voltages form 3.3 kV Up to and Including 33 kV,2002,Mandatory (QCO),Compulsory Certification,"Specification, Elastomer, Insulated, Cables, Part, Working",Product Certification (Scheme I),https://www.bis.gov.in/product-certification/products-under-compulsory-certification/scheme-i-mark-scheme/?lang=en
IS 8784 : 1987,Specification for Thermocouple Compensating Cables,1987,Mandatory (QCO),Compulsory Certification,"Specification, Thermocouple, Compensating, Cables",Product Certification (Scheme I),https://www.bis.gov.in/product-certification/products-under-compulsory-certification/scheme-i-mark-scheme/?lang=en
IS 9857 : 1990,Welding Cables – Specification,1990,Mandatory (QCO),Compulsory Certification,"Welding, Cables, Specification",Product Certification (Scheme I),https://www.bis.gov.in/product-certification/products-under-compulsory-certification/scheme-i-mark-scheme/?lang=en
IS 14494 : 2019,Elastomer Insulated Flexible Cables for Use in Mines – Specification,2019,Mandatory (QCO),Compulsory Certification,"Elastomer, Insulated, Flexible, Cables, Mines, Specification",Product Certification (Scheme I),https://www.bis.gov.in/product-certification/products-under-compulsory-certification/scheme-i-mark-scheme/?lang=en
IS 2593 : 1984,Specification for Flexible Cables for Miner’s Cap-Lamps,1984,Mandatory (QCO),Compulsory Certification,"Specification, Flexible, Cables, Miner, Lamps",Product Certification (Scheme I),https://www.bis.gov.in/product-certification/products-under-compulsory-certification/scheme-i-mark-scheme/?lang=en
IS 5950 : 1984,Specification for Shot Firing Cables (for use other than in shafts),1984,Mandatory (QCO),Compulsory Certification,"Specification, Shot, Firing, Cables, other, than",Product Certification (Scheme I),https://www.bis.gov.in/product-certification/products-under-compulsory-certification/scheme-i-mark-scheme/?lang=en
IS 17048 : 2018,Halogen Free Flame Retardant (HFFR) Cables for Working Voltages Up to and Including 1100 V – Specification,2018,Mandatory (QCO),Compulsory Certification,"Halogen, Free, Flame, Retardant, HFFR, Cables",Product Certification (Scheme I),https://www.bis.gov.in/product-certification/products-under-compulsory-certification/scheme-i-mark-scheme/?lang=en
IS 9573(Part 1):2017,Rubber Hose for Liquefied Petroleum Gas (LPG)- Specification Part 1 Industrial Application,2017,Mandatory (QCO),Compulsory Certification,"Rubber, Hose, Liquefied, Petroleum, Specification, Part",Product Certification (Scheme I),https://www.bis.gov.in/product-certification/products-under-compulsory-certification/scheme-i-mark-scheme/?lang=en
IS 9573(Part 2):2017,Rubber Hose for Liquefied Petroleum Gas (LPG)- Specification Part 2- Domestic and Commercial Application.,2017,Mandatory (QCO),Compulsory Certification,"Rubber, Hose, Liquefied, Petroleum, Specification, Part",Product Certification (Scheme I),https://www.bis.gov.in/product-certification/products-under-compulsory-certification/scheme-i-mark-scheme/?lang=en
IS 15392,Aluminium and Aluminium Alloy Bare Foil for Food Packaging,2020,Mandatory (QCO),Compulsory Certification,"Aluminium, Alloy, Bare, Foil, Food, Packaging",Product Certification (Scheme I),https://www.bis.gov.in/product-certification/products-under-compulsory-certification/scheme-i-mark-scheme/?lang=en
IS 9873 (Part 1) : 2018,Safety of Toys Part l Safety Aspects Related to Mechanical and Physical Properties.,2018,Mandatory (QCO),Compulsory Certification,"Safety, Toys, Part, Aspects, Related, Mechanical",Product Certification (Scheme I),https://www.bis.gov.in/product-certification/products-under-compulsory-certification/scheme-i-mark-scheme/?lang=en
IS 9873 (Part 2) : 2017,Safety of Toys Part 2 Flammability.,2017,Mandatory (QCO),Compulsory Certification,"Safety, Toys, Part, Flammability",Product Certification (Scheme I),https://www.bis.gov.in/product-certification/products-under-compulsory-certification/scheme-i-mark-scheme/?lang=en
IS 9873 (Part 3) : 2017,Safety Requirements for Toys Part 3 Migration of Certain Elements.,2017,Mandatory (QCO),Compulsory Certification,"Safety, Requirements, Toys, Part, Migration, Certain",Product Certification (Scheme I),https://www.bis.gov.in/product-certification/products-under-compulsory-certification/scheme-i-mark-scheme/?lang=en
IS 9873 (Part 4) : 2017,"Safety of Toys Part 4 Swings, Slides and Similar Activity Toys for Indoor and Outdoor Family Domestic Use.",2017,Mandatory (QCO),Compulsory Certification,"Safety, Toys, Part, Swings, Slides, Similar",Product Certification (Scheme I),https://www.bis.gov.in/product-certification/products-under-compulsory-certification/scheme-i-mark-scheme/?lang=en
IS 9873 (Part 7) : 2017,Safety of Toys Part 7 Requirements and Test Methods for Finger Paints.,2017,Mandatory (QCO),Compulsory Certification,"Safety, Toys, Part, Requirements, Test, Methods",Product Certification (Scheme I),https://www.bis.gov.in/product-certification/products-under-compulsory-certification/scheme-i-mark-scheme/?lang=en
IS 9873 (Part 9) : 2017,Safety of Toys Part 9 Certain Phthalates Esters in Toys and Children’s Products.,2017,Mandatory (QCO),Compulsory Certification,"Safety, Toys, Part, Certain, Phthalates, Esters",Product Certification (Scheme I),https://www.bis.gov.in/product-certification/products-under-compulsory-certification/scheme-i-mark-scheme/?lang=en
IS 15644: 2006,Safety of Electric Toys.,2006,Mandatory (QCO),Compulsory Certification,"Safety, Electric, Toys",Product Certification (Scheme I),https://www.bis.gov.in/product-certification/products-under-compulsory-certification/scheme-i-mark-scheme/?lang=en
IS 2835 : 1987,Flat Transparent Sheet Glass.,1987,Mandatory (QCO),Compulsory Certification,"Flat, Transparent, Sheet, Glass",Product Certification (Scheme I),https://www.bis.gov.in/product-certification/products-under-compulsory-certification/scheme-i-mark-scheme/?lang=en
IS 2553 (Part 1):2018,"Safety Glass -Specification Part 1 Architectural, Building and General uses.",2018,Mandatory (QCO),Compulsory Certification,"Safety, Glass, Specification, Part, Architectural, Building",Product Certification (Scheme I),https://www.bis.gov.in/product-certification/products-under-compulsory-certification/scheme-i-mark-scheme/?lang=en
IS 2553 (Part 2):2019,Safety Glass -Specification Part 2 For Road Transport .,2019,Mandatory (QCO),Compulsory Certification,"Safety, Glass, Specification, Part, Road, Transport",Product Certification (Scheme I),https://www.bis.gov.in/product-certification/products-under-compulsory-certification/scheme-i-mark-scheme/?lang=en
IS 14887:2014,Textiles –High Density Polyethylene (HDPE)/ Polypropylene (PP) Woven Sacks for packaging of 50 kilogram Foodgrains,2014,Mandatory (QCO),Compulsory Certification,"Textiles, High, Density, Polyethylene, HDPE, Polypropylene",Product Certification (Scheme I),https://www.bis.gov.in/product-certification/products-under-compulsory-certification/scheme-i-mark-scheme/?lang=en
IS 16208:2015,"Textiles –High Density Polyethylene (HDPE)/ Polypropylene (PP) Woven Sacks for packaging 10 kilogram, 15 kilogram, 20 kilogram, 25 kilogram, and 30 kilogram Foodgrains",2015,Mandatory (QCO),Compulsory Certification,"Textiles, High, Density, Polyethylene, HDPE, Polypropylene",Product Certification (Scheme I),https://www.bis.gov.in/product-certification/products-under-compulsory-certification/scheme-i-mark-scheme/?lang=en
IS 14968:2015,Textiles –High Density Polyethylene (HDPE)/ Polypropylene (PP) Woven Sacks for packaging 50 kilogram /25 kilogram Sugar,2015,Mandatory (QCO),Compulsory Certification,"Textiles, High, Density, Polyethylene, HDPE, Polypropylene",Product Certification (Scheme I),https://www.bis.gov.in/product-certification/products-under-compulsory-certification/scheme-i-mark-scheme/?lang=en
IS 14252:2015,Textiles –High Density Polyethylene (HDPE)/ Polypropylene (PP) Woven Sacks for filling Sand,2015,Mandatory (QCO),Compulsory Certification,"Textiles, High, Density, Polyethylene, HDPE, Polypropylene",Product Certification (Scheme I),https://www.bis.gov.in/product-certification/products-under-compulsory-certification/scheme-i-mark-scheme/?lang=en
IS 13095:1991,Butterfly valves for general purpose,1991,Mandatory (QCO),Compulsory Certification,"Butterfly, valves, general, purpose",Product Certification (Scheme I),https://www.bis.gov.in/product-certification/products-under-compulsory-certification/scheme-i-mark-scheme/?lang=en
IS/ISO 6742-2:2015,Retro-reflective Devices,2015,Mandatory (QCO),Compulsory Certification,"Retro, reflective, Devices",Product Certification (Scheme I),https://www.bis.gov.in/product-certification/products-under-compulsory-certification/scheme-i-mark-scheme/?lang=en
IS 14490:2018,Plain Copier Paper,2018,Mandatory (QCO),Compulsory Certification,"Plain, Copier, Paper",Product Certification (Scheme I),https://www.bis.gov.in/product-certification/products-under-compulsory-certification/scheme-i-mark-scheme/?lang=en
IS 2052 : 2009,Compounded Feeds for Cattle,2052,Mandatory (QCO),Compulsory Certification,"Compounded, Feeds, Cattle",Product Certification (Scheme I),https://www.bis.gov.in/product-certification/products-under-compulsory-certification/scheme-i-mark-scheme/?lang=en
IS: 16192 (Part 1),Automotive Vehicles Wheel Rims for Two and Three Wheeled Vehicles Part 1Light Alloy Wheel Rims Method of Tests and Requirements,2020,Mandatory (QCO),Compulsory Certification,"Automotive, Vehicles, Wheel, Rims, Three, Wheeled",Product Certification (Scheme I),https://www.bis.gov.in/product-certification/products-under-compulsory-certification/scheme-i-mark-scheme/?lang=en
IS: 16192 (Part 2),Automotive Vehicles Wheel Rims for Two and Three Wheeled Vehicles Part 2Sheet Metal Wheel Rims Method of Tests and Requirements,Current,Mandatory (QCO),Compulsory Certification,"Automotive, Vehicles, Wheel, Rims, Three, Wheeled",Product Certification (Scheme I),https://www.bis.gov.in/product-certification/products-under-compulsory-certification/scheme-i-mark-scheme/?lang=en
IS: 16192 (Part 3),Automotive Vehicles Wheel Rims for Two and Three Wheeled Vehicles Part 3Spoke Wheel Rims Method of Tests and Requirements,Current,Mandatory (QCO),Compulsory Certification,"Automotive, Vehicles, Wheel, Rims, Three, Wheeled",Product Certification (Scheme I),https://www.bis.gov.in/product-certification/products-under-compulsory-certification/scheme-i-mark-scheme/?lang=en
IS: 9436,Performance Requirements and Methods of Tests for Wheels for Passenger Cars,Current,Mandatory (QCO),Compulsory Certification,"Performance, Requirements, Methods, Tests, Wheels, Passenger",Product Certification (Scheme I),https://www.bis.gov.in/product-certification/products-under-compulsory-certification/scheme-i-mark-scheme/?lang=en
IS: 9438,Performance Requirements and Methods of Tests for Wheels or Rims for Trucks and Buses,Current,Mandatory (QCO),Compulsory Certification,"Performance, Requirements, Methods, Tests, Wheels, Rims",Product Certification (Scheme I),https://www.bis.gov.in/product-certification/products-under-compulsory-certification/scheme-i-mark-scheme/?lang=en
IS 5557: 2004,Industrial and protective rubber knee and ankle boots,2004,Mandatory (QCO),Compulsory Certification,"Industrial, protective, rubber, knee, ankle, boots",Product Certification (Scheme I),https://www.bis.gov.in/product-certification/products-under-compulsory-certification/scheme-i-mark-scheme/?lang=en
IS 5557 (Part 2): 2018,All rubber gum boots and ankle boots,2018,Mandatory (QCO),Compulsory Certification,"rubber, boots, ankle",Product Certification (Scheme I),https://www.bis.gov.in/product-certification/products-under-compulsory-certification/scheme-i-mark-scheme/?lang=en
IS 5676: 1995,Moulded solid rubber soles and heels,1995,Mandatory (QCO),Compulsory Certification,"Moulded, solid, rubber, soles, heels",Product Certification (Scheme I),https://www.bis.gov.in/product-certification/products-under-compulsory-certification/scheme-i-mark-scheme/?lang=en
IS 6664: 1992,Rubber microcellular sheets for soles and heels,1992,Mandatory (QCO),Compulsory Certification,"Rubber, microcellular, sheets, soles, heels",Product Certification (Scheme I),https://www.bis.gov.in/product-certification/products-under-compulsory-certification/scheme-i-mark-scheme/?lang=en
IS 6719: 1972,Solid PVC soles and heels,1972,Mandatory (QCO),Compulsory Certification,"Solid, soles, heels",Product Certification (Scheme I),https://www.bis.gov.in/product-certification/products-under-compulsory-certification/scheme-i-mark-scheme/?lang=en
IS 6721: 1972,PVC sandal,1972,Mandatory (QCO),Compulsory Certification,sandal,Product Certification (Scheme I),https://www.bis.gov.in/product-certification/products-under-compulsory-certification/scheme-i-mark-scheme/?lang=en
IS 10702: 1992,Rubber Hawai Chappal,1992,Mandatory (QCO),Compulsory Certification,"Rubber, Hawai, Chappal",Product Certification (Scheme I),https://www.bis.gov.in/product-certification/products-under-compulsory-certification/scheme-i-mark-scheme/?lang=en
IS 12254: 1993,Polyvinyl chloride(PVC) industrial boots,1993,Mandatory (QCO),Compulsory Certification,"Polyvinyl, chloride, industrial, boots",Product Certification (Scheme I),https://www.bis.gov.in/product-certification/products-under-compulsory-certification/scheme-i-mark-scheme/?lang=en
IS 13893: 1994,"Polyurethane sole, semirigid",1994,Mandatory (QCO),Compulsory Certification,"Polyurethane, sole, semirigid",Product Certification (Scheme I),https://www.bis.gov.in/product-certification/products-under-compulsory-certification/scheme-i-mark-scheme/?lang=en
IS 13995: 1995,Unlined moulded rubber boots,1995,Mandatory (QCO),Compulsory Certification,"Unlined, moulded, rubber, boots",Product Certification (Scheme I),https://www.bis.gov.in/product-certification/products-under-compulsory-certification/scheme-i-mark-scheme/?lang=en
IS 16645: 2018,Moulded plastics footwear- Lined or Unlined polyurethane boots for general industrial use,2018,Mandatory (QCO),Compulsory Certification,"Moulded, plastics, footwear, Lined, Unlined, polyurethane",Product Certification (Scheme I),https://www.bis.gov.in/product-certification/products-under-compulsory-certification/scheme-i-mark-scheme/?lang=en
IS 16994: 2018,Footwear for men and women for municipal scavenging work,2018,Mandatory (QCO),Compulsory Certification,"Footwear, women, municipal, scavenging, work",Product Certification (Scheme I),https://www.bis.gov.in/product-certification/products-under-compulsory-certification/scheme-i-mark-scheme/?lang=en
IS 1989 (Part 1): 1986,Leather safety boots and shoes for miners,1989,Mandatory (QCO),Compulsory Certification,"Leather, safety, boots, shoes, miners",Product Certification (Scheme I),https://www.bis.gov.in/product-certification/products-under-compulsory-certification/scheme-i-mark-scheme/?lang=en
IS 1989 (Part.2): 1986,Leather safety boots and shoes for heavy metal industries,1989,Mandatory (QCO),Compulsory Certification,"Leather, safety, boots, shoes, heavy, metal",Product Certification (Scheme I),https://www.bis.gov.in/product-certification/products-under-compulsory-certification/scheme-i-mark-scheme/?lang=en
IS 3735: 1996,Canvas Shoes Rubber Sole,1996,Mandatory (QCO),Compulsory Certification,"Canvas, Shoes, Rubber, Sole",Product Certification (Scheme I),https://www.bis.gov.in/product-certification/products-under-compulsory-certification/scheme-i-mark-scheme/?lang=en
IS 3736: 1995,Canvas Boots Rubber Sole,1995,Mandatory (QCO),Compulsory Certification,"Canvas, Boots, Rubber, Sole",Product Certification (Scheme I),https://www.bis.gov.in/product-certification/products-under-compulsory-certification/scheme-i-mark-scheme/?lang=en
IS 3976: 2018,Safety Rubber Canvas Boots for Miners,2018,Mandatory (QCO),Compulsory Certification,"Safety, Rubber, Canvas, Boots, Miners",Product Certification (Scheme I),https://www.bis.gov.in/product-certification/products-under-compulsory-certification/scheme-i-mark-scheme/?lang=en
IS 11226: 1993,Leather safety footwear having direct moulded rubber sole,1993,Mandatory (QCO),Compulsory Certification,"Leather, safety, footwear, having, direct, moulded",Product Certification (Scheme I),https://www.bis.gov.in/product-certification/products-under-compulsory-certification/scheme-i-mark-scheme/?lang=en
IS 14544: 1998,Leather safety footwear with direct moulded polyvinyl chloride (PVC) sole,1998,Mandatory (QCO),Compulsory Certification,"Leather, safety, footwear, with, direct, moulded",Product Certification (Scheme I),https://www.bis.gov.in/product-certification/products-under-compulsory-certification/scheme-i-mark-scheme/?lang=en
IS 15844(Part-1): 2023,Sports Footwear for General Purpose,2023,Mandatory (QCO),Compulsory Certification,"Sports, Footwear, General, Purpose",Product Certification (Scheme I),https://www.bis.gov.in/product-certification/products-under-compulsory-certification/scheme-i-mark-scheme/?lang=en
IS 15844(Part-2): 2023,Sports Footwear for Performance Sports Footwear,2023,Mandatory (QCO),Compulsory Certification,"Sports, Footwear, Performance",Product Certification (Scheme I),https://www.bis.gov.in/product-certification/products-under-compulsory-certification/scheme-i-mark-scheme/?lang=en
IS 15844(Part 3): 2024,Sports Footwear for Professional Sports Footwear,2024,Mandatory (QCO),Compulsory Certification,"Sports, Footwear, Professional",Product Certification (Scheme I),https://www.bis.gov.in/product-certification/products-under-compulsory-certification/scheme-i-mark-scheme/?lang=en
IS 17012: 2018,High ankle tactical boots with PU – Rubber sole,2018,Mandatory (QCO),Compulsory Certification,"High, ankle, tactical, boots, with, Rubber",Product Certification (Scheme I),https://www.bis.gov.in/product-certification/products-under-compulsory-certification/scheme-i-mark-scheme/?lang=en
IS 17037: 2018,Antiriot shoes,2018,Mandatory (QCO),Compulsory Certification,"Antiriot, shoes",Product Certification (Scheme I),https://www.bis.gov.in/product-certification/products-under-compulsory-certification/scheme-i-mark-scheme/?lang=en
IS 17043 (Part-1): 2024,Shoes for Services,2024,Mandatory (QCO),Compulsory Certification,"Shoes, Services",Product Certification (Scheme I),https://www.bis.gov.in/product-certification/products-under-compulsory-certification/scheme-i-mark-scheme/?lang=en
IS 17043 (Part-2): 2024,Shoes for General Purpose,2024,Mandatory (QCO),Compulsory Certification,"Shoes, General, Purpose",Product Certification (Scheme I),https://www.bis.gov.in/product-certification/products-under-compulsory-certification/scheme-i-mark-scheme/?lang=en
IS 15298 (Part 2): 2016,Personal protective equipment – Part 2 Safety Footwear,2016,Mandatory (QCO),Compulsory Certification,"Personal, protective, equipment, Part, Safety, Footwear",Product Certification (Scheme I),https://www.bis.gov.in/product-certification/products-under-compulsory-certification/scheme-i-mark-scheme/?lang=en
IS 15298 ( Part 3) : 2019,Personal protective equipment – Part 3 Protective Footwear,2019,Mandatory (QCO),Compulsory Certification,"Personal, protective, equipment, Part, Protective, Footwear",Product Certification (Scheme I),https://www.bis.gov.in/product-certification/products-under-compulsory-certification/scheme-i-mark-scheme/?lang=en
IS 15298 (Part 4) : 2017,Personal protective equipment – Part 4 Occupational Footwear,2017,Mandatory (QCO),Compulsory Certification,"Personal, protective, equipment, Part, Occupational, Footwear",Product Certification (Scheme I),https://www.bis.gov.in/product-certification/products-under-compulsory-certification/scheme-i-mark-scheme/?lang=en
IS 4296 (Part 1):2016,Tools for Pressing Part 1 Round Punches with 60 Degrees Conical Head and Straight Shank,2016,Mandatory (QCO),Compulsory Certification,"Tools, Pressing, Part, Round, Punches, with",Product Certification (Scheme I),https://www.bis.gov.in/product-certification/products-under-compulsory-certification/scheme-i-mark-scheme/?lang=en
IS 4296 (Part 2):2016,Tools for Pressing Part 2 Punches with Cylindrical Head and Straight or Reduced Shank,2016,Mandatory (QCO),Compulsory Certification,"Tools, Pressing, Part, Punches, with, Cylindrical",Product Certification (Scheme I),https://www.bis.gov.in/product-certification/products-under-compulsory-certification/scheme-i-mark-scheme/?lang=en
IS 4296 (Part 3):2016,Tools for Pressing Part 3 Round Punches with 60 Degrees Conical Head and Reduced Shank,2016,Mandatory (QCO),Compulsory Certification,"Tools, Pressing, Part, Round, Punches, with",Product Certification (Scheme I),https://www.bis.gov.in/product-certification/products-under-compulsory-certification/scheme-i-mark-scheme/?lang=en
IS 4151: 2015,Helmet for riders of Two Wheeler Motor Vehicles,2015,Mandatory (QCO),Compulsory Certification,"Helmet, riders, Wheeler, Motor, Vehicles",Product Certification (Scheme I),https://www.bis.gov.in/product-certification/products-under-compulsory-certification/scheme-i-mark-scheme/?lang=en
IS 17550 (Part 1): 2021,Household Refrigerating Appliances- Characteristics and Test Methods part-1 General Requirements,2021,Mandatory (QCO),Compulsory Certification,"Household, Refrigerating, Appliances, Characteristics, Test, Methods",Product Certification (Scheme I),https://www.bis.gov.in/product-certification/products-under-compulsory-certification/scheme-i-mark-scheme/?lang=en
IS 7872: 2018,Freezers,2018,Mandatory (QCO),Compulsory Certification,Freezers,Product Certification (Scheme I),https://www.bis.gov.in/product-certification/products-under-compulsory-certification/scheme-i-mark-scheme/?lang=en
IS 1536: 2001,"Centrifugally cast (Spun) iron pressure pipes for water, gas and sewage",2001,Mandatory (QCO),Compulsory Certification,"Centrifugally, cast, Spun, iron, pressure, pipes",Product Certification (Scheme I),https://www.bis.gov.in/product-certification/products-under-compulsory-certification/scheme-i-mark-scheme/?lang=en
IS 3989: 2009,"Centrifugally cast (Spun) iron spigot and socket soil, waste, ventilating and rainwater pipes, fittings and accessories",2009,Mandatory (QCO),Compulsory Certification,"Centrifugally, cast, Spun, iron, spigot, socket",Product Certification (Scheme I),https://www.bis.gov.in/product-certification/products-under-compulsory-certification/scheme-i-mark-scheme/?lang=en
IS 15905: 2011,"Hubless centrifugally cast (Spun) iron pipes, fittings and accessories – Spigot series",2011,Mandatory (QCO),Compulsory Certification,"Hubless, centrifugally, cast, Spun, iron, pipes",Product Certification (Scheme I),https://www.bis.gov.in/product-certification/products-under-compulsory-certification/scheme-i-mark-scheme/?lang=en
IS 15769:2008,Flux Cored (Tubular) Electrodes for Gas Shielded and Self-Shielded Metal Welding of Carbon or Carbon- Manganese Steel,2008,Mandatory (QCO),Compulsory Certification,"Flux, Cored, Tubular, Electrodes, Shielded, Self",Product Certification (Scheme I),https://www.bis.gov.in/product-certification/products-under-compulsory-certification/scheme-i-mark-scheme/?lang=en
IS 15449 : Part 1 : 2004,Household Zig-Zag Sewing Machine Head,2004,Mandatory (QCO),Compulsory Certification,"Household, Sewing, Machine, Head",Product Certification (Scheme I),https://www.bis.gov.in/product-certification/products-under-compulsory-certification/scheme-i-mark-scheme/?lang=en
IS 16240 : 2023,Reverse Osmosis Based Point of Use Water Treatment System for Drinking Purposes,2023,Mandatory (QCO),Compulsory Certification,"Reverse, Osmosis, Based, Point, Water, Treatment",Product Certification (Scheme I),https://www.bis.gov.in/product-certification/products-under-compulsory-certification/scheme-i-mark-scheme/?lang=en
IS 1943:1995,A- twill Jute Bag,1943,Mandatory (QCO),Compulsory Certification,"twill, Jute",Product Certification (Scheme I),https://www.bis.gov.in/product-certification/products-under-compulsory-certification/scheme-i-mark-scheme/?lang=en
IS 2566:1993,B-twill Jute bags for packing foodgrains,1993,Mandatory (QCO),Compulsory Certification,"twill, Jute, bags, packing, foodgrains",Product Certification (Scheme I),https://www.bis.gov.in/product-certification/products-under-compulsory-certification/scheme-i-mark-scheme/?lang=en
IS 12650:2018,Jute bags for packing 50 Kg foodgrains,2018,Mandatory (QCO),Compulsory Certification,"Jute, bags, packing, foodgrains",Product Certification (Scheme I),https://www.bis.gov.in/product-certification/products-under-compulsory-certification/scheme-i-mark-scheme/?lang=en
IS 15138:2010,Jute bags for packing 50 Kg sugar,2010,Mandatory (QCO),Compulsory Certification,"Jute, bags, packing, sugar",Product Certification (Scheme I),https://www.bis.gov.in/product-certification/products-under-compulsory-certification/scheme-i-mark-scheme/?lang=en
IS 16186:2014,Light weight jute sacking bags for packing 50 Kg foodgrains,2014,Mandatory (QCO),Compulsory Certification,"Light, weight, jute, sacking, bags, packing",Product Certification (Scheme I),https://www.bis.gov.in/product-certification/products-under-compulsory-certification/scheme-i-mark-scheme/?lang=en
IS 16372:2015,Jute bags for packing up to 30 Kg foodgrains,2015,Mandatory (QCO),Compulsory Certification,"Jute, bags, packing, foodgrains",Product Certification (Scheme I),https://www.bis.gov.in/product-certification/products-under-compulsory-certification/scheme-i-mark-scheme/?lang=en
IS 17266:2019,Viscose Staple Fibres,2019,Mandatory (QCO),Compulsory Certification,"Viscose, Staple, Fibres",Product Certification (Scheme I),https://www.bis.gov.in/product-certification/products-under-compulsory-certification/scheme-i-mark-scheme/?lang=en
IS 15351 : 2015,Laminated High Density Polyethylene (HDPE) Woven Geomembrane for Water Proof Lining,2015,Mandatory (QCO),Compulsory Certification,"Laminated, High, Density, Polyethylene, HDPE, Woven",Product Certification (Scheme I),https://www.bis.gov.in/product-certification/products-under-compulsory-certification/scheme-i-mark-scheme/?lang=en
IS 15909 : 2020,Poly Vinyl Chloride (PVC) Geomembranes,2020,Mandatory (QCO),Compulsory Certification,"Poly, Vinyl, Chloride, Geomembranes",Product Certification (Scheme I),https://www.bis.gov.in/product-certification/products-under-compulsory-certification/scheme-i-mark-scheme/?lang=en
IS 16653 : 2017,Needle punched non-woven geobags,2017,Mandatory (QCO),Compulsory Certification,"Needle, punched, woven, geobags",Product Certification (Scheme I),https://www.bis.gov.in/product-certification/products-under-compulsory-certification/scheme-i-mark-scheme/?lang=en
IS 16654: 2017,Polypropylene Multifilament woven geobags,2017,Mandatory (QCO),Compulsory Certification,"Polypropylene, Multifilament, woven, geobags",Product Certification (Scheme I),https://www.bis.gov.in/product-certification/products-under-compulsory-certification/scheme-i-mark-scheme/?lang=en
IS 14715 (Part 1): 2016,Jute Geotextiles,2016,Mandatory (QCO),Compulsory Certification,"Jute, Geotextiles",Product Certification (Scheme I),https://www.bis.gov.in/product-certification/products-under-compulsory-certification/scheme-i-mark-scheme/?lang=en
IS 14715 (Part 2): 2016,Jute Geotextiles,2016,Mandatory (QCO),Compulsory Certification,"Jute, Geotextiles",Product Certification (Scheme I),https://www.bis.gov.in/product-certification/products-under-compulsory-certification/scheme-i-mark-scheme/?lang=en
IS 15869 : 2020,Open Weave Coir Bhoovastra,2020,Mandatory (QCO),Compulsory Certification,"Open, Weave, Coir, Bhoovastra",Product Certification (Scheme I),https://www.bis.gov.in/product-certification/products-under-compulsory-certification/scheme-i-mark-scheme/?lang=en
IS 16391 : 2015,Geotextiles used in sub-grade separation in pavement structures,2015,Mandatory (QCO),Compulsory Certification,"Geotextiles, used, grade, separation, pavement, structures",Product Certification (Scheme I),https://www.bis.gov.in/product-certification/products-under-compulsory-certification/scheme-i-mark-scheme/?lang=en
IS 16393 : 2015,Geotextiles used in Subsurface Drainage Application,2015,Mandatory (QCO),Compulsory Certification,"Geotextiles, used, Subsurface, Drainage, Application",Product Certification (Scheme I),https://www.bis.gov.in/product-certification/products-under-compulsory-certification/scheme-i-mark-scheme/?lang=en
IS 16362 : 2020,Geotextiles used in Sub-grade Stabilisation in pavement structures,2020,Mandatory (QCO),Compulsory Certification,"Geotextiles, used, grade, Stabilisation, pavement, structures",Product Certification (Scheme I),https://www.bis.gov.in/product-certification/products-under-compulsory-certification/scheme-i-mark-scheme/?lang=en
IS 16352 : 2020,High Density Polyethylene (HDPE) Geomembranes for lining,2020,Mandatory (QCO),Compulsory Certification,"High, Density, Polyethylene, HDPE, Geomembranes, lining",Product Certification (Scheme I),https://www.bis.gov.in/product-certification/products-under-compulsory-certification/scheme-i-mark-scheme/?lang=en
IS 16090:2013,Geotextiles used as protection (or cushioning) materials,2013,Mandatory (QCO),Compulsory Certification,"Geotextiles, used, protection, cushioning, materials",Product Certification (Scheme I),https://www.bis.gov.in/product-certification/products-under-compulsory-certification/scheme-i-mark-scheme/?lang=en
IS 16392:2015,Geotextiles for permanent erosion control in hard armor systems,2015,Mandatory (QCO),Compulsory Certification,"Geotextiles, permanent, erosion, control, hard, armor",Product Certification (Scheme I),https://www.bis.gov.in/product-certification/products-under-compulsory-certification/scheme-i-mark-scheme/?lang=en
IS 17371:2020,Geogrids for flexible pavements,2020,Mandatory (QCO),Compulsory Certification,"Geogrids, flexible, pavements",Product Certification (Scheme I),https://www.bis.gov.in/product-certification/products-under-compulsory-certification/scheme-i-mark-scheme/?lang=en
IS 17372:2020,Polymeric strip or geostrip used as soil reinforcement in retaining structures,2020,Mandatory (QCO),Compulsory Certification,"Polymeric, strip, geostrip, used, soil, reinforcement",Product Certification (Scheme I),https://www.bis.gov.in/product-certification/products-under-compulsory-certification/scheme-i-mark-scheme/?lang=en
IS 17373:2020,Geogrids used in reinforced soil retaining structures,2020,Mandatory (QCO),Compulsory Certification,"Geogrids, used, reinforced, soil, retaining, structures",Product Certification (Scheme I),https://www.bis.gov.in/product-certification/products-under-compulsory-certification/scheme-i-mark-scheme/?lang=en
IS 17374:2020,Reinforced HDPE membrane for effluents and chemical resistance lining,2020,Mandatory (QCO),Compulsory Certification,"Reinforced, HDPE, membrane, effluents, chemical, resistance",Product Certification (Scheme I),https://www.bis.gov.in/product-certification/products-under-compulsory-certification/scheme-i-mark-scheme/?lang=en
IS 17483 (Part 1): 2020,Geocells,2020,Mandatory (QCO),Compulsory Certification,Geocells,Product Certification (Scheme I),https://www.bis.gov.in/product-certification/products-under-compulsory-certification/scheme-i-mark-scheme/?lang=en
IS 17483 (Part 2): 2020,Geocells,2020,Mandatory (QCO),Compulsory Certification,Geocells,Product Certification (Scheme I),https://www.bis.gov.in/product-certification/products-under-compulsory-certification/scheme-i-mark-scheme/?lang=en
IS 17880 :2022,Geosynthetics — Synthetic Polymer RopeGabions for Coastal and Waterways Protection — Specification,2022,Mandatory (QCO),Compulsory Certification,"Geosynthetics, Synthetic, Polymer, RopeGabions, Coastal, Waterways",Product Certification (Scheme I),https://www.bis.gov.in/product-certification/products-under-compulsory-certification/scheme-i-mark-scheme/?lang=en
IS 15741 : 2007,Curtains and Drapes,2007,Mandatory (QCO),Compulsory Certification,"Curtains, Drapes",Product Certification (Scheme I),https://www.bis.gov.in/product-certification/products-under-compulsory-certification/scheme-i-mark-scheme/?lang=en
IS 16890 : 2018,Protective clothing for firefighters,2018,Mandatory (QCO),Compulsory Certification,"Protective, clothing, firefighters",Product Certification (Scheme I),https://www.bis.gov.in/product-certification/products-under-compulsory-certification/scheme-i-mark-scheme/?lang=en
IS 16874 : 2018,Protective gloves for firefighters,2018,Mandatory (QCO),Compulsory Certification,"Protective, gloves, firefighters",Product Certification (Scheme I),https://www.bis.gov.in/product-certification/products-under-compulsory-certification/scheme-i-mark-scheme/?lang=en
IS 15748 : 2022,Protective clothing for industrial workers exposed to heat,2022,Mandatory (QCO),Compulsory Certification,"Protective, clothing, industrial, workers, exposed, heat",Product Certification (Scheme I),https://www.bis.gov.in/product-certification/products-under-compulsory-certification/scheme-i-mark-scheme/?lang=en
IS 15742 : 2007,Clothing made of limited flame spread materials and material assemblies affording protection against heat and flame,2007,Mandatory (QCO),Compulsory Certification,"Clothing, made, limited, flame, spread, materials",Product Certification (Scheme I),https://www.bis.gov.in/product-certification/products-under-compulsory-certification/scheme-i-mark-scheme/?lang=en
IS 15809 : 2017,High visibility Warning Clothes,2017,Mandatory (QCO),Compulsory Certification,"High, visibility, Warning, Clothes",Product Certification (Scheme I),https://www.bis.gov.in/product-certification/products-under-compulsory-certification/scheme-i-mark-scheme/?lang=en
IS 16655 : 2017,Protective Clothing for use in welding and allied processes,2017,Mandatory (QCO),Compulsory Certification,"Protective, Clothing, welding, allied, processes",Product Certification (Scheme I),https://www.bis.gov.in/product-certification/products-under-compulsory-certification/scheme-i-mark-scheme/?lang=en
IS 16725 : 2018,Tactical 3 point sling,2018,Mandatory (QCO),Compulsory Certification,"Tactical, point, sling",Product Certification (Scheme I),https://www.bis.gov.in/product-certification/products-under-compulsory-certification/scheme-i-mark-scheme/?lang=en
IS 16726 : 2018,Pouch for ammunition and grenades made of disruptive pattern nylon-66,2018,Mandatory (QCO),Compulsory Certification,"Pouch, ammunition, grenades, made, disruptive, pattern",Product Certification (Scheme I),https://www.bis.gov.in/product-certification/products-under-compulsory-certification/scheme-i-mark-scheme/?lang=en
IS 17051 : 2018,Bullet resistant jackets,2018,Mandatory (QCO),Compulsory Certification,"Bullet, resistant, jackets",Product Certification (Scheme I),https://www.bis.gov.in/product-certification/products-under-compulsory-certification/scheme-i-mark-scheme/?lang=en
IS 17286 : 2019,Water-proof multipurpose rain poncho,2019,Mandatory (QCO),Compulsory Certification,"Water, proof, multipurpose, rain, poncho",Product Certification (Scheme I),https://www.bis.gov.in/product-certification/products-under-compulsory-certification/scheme-i-mark-scheme/?lang=en
IS 15768 : 2008,Upholstered composites used for non-domestic furniture,2008,Mandatory (QCO),Compulsory Certification,"Upholstered, composites, used, domestic, furniture",Product Certification (Scheme I),https://www.bis.gov.in/product-certification/products-under-compulsory-certification/scheme-i-mark-scheme/?lang=en
IS/ISO 9994:2018,Lighters- Safety Specifications,2018,Mandatory (QCO),Compulsory Certification,"Lighters, Safety, Specifications",Product Certification (Scheme I),https://www.bis.gov.in/product-certification/products-under-compulsory-certification/scheme-i-mark-scheme/?lang=en
IS/ISO 22702:2018,Utility Lighters – Safety Specifications,2018,Mandatory (QCO),Compulsory Certification,"Utility, Lighters, Safety, Specifications",Product Certification (Scheme I),https://www.bis.gov.in/product-certification/products-under-compulsory-certification/scheme-i-mark-scheme/?lang=en
IS 17803: 2022,"Potable Water Bottles (Copper, Stainless Steel, Aluminum)",2022,Mandatory (QCO),Compulsory Certification,"Potable, Water, Bottles, Copper, Stainless, Steel",Product Certification (Scheme I),https://www.bis.gov.in/product-certification/products-under-compulsory-certification/scheme-i-mark-scheme/?lang=en
IS 814 : 2004,Covered electrodes for manual metal arc welding of carbon and carbon manganese steel,2004,Mandatory (QCO),Compulsory Certification,"Covered, electrodes, manual, metal, welding, carbon",Product Certification (Scheme I),https://www.bis.gov.in/product-certification/products-under-compulsory-certification/scheme-i-mark-scheme/?lang=en
IS 6419 : 1996,Welding rode and bare electrodes for gas shielded arc welding of structural steel,1996,Mandatory (QCO),Compulsory Certification,"Welding, rode, bare, electrodes, shielded, welding",Product Certification (Scheme I),https://www.bis.gov.in/product-certification/products-under-compulsory-certification/scheme-i-mark-scheme/?lang=en
IS 16444 Part 1,A.C. Static Direct Connected Watt Hour Smart Meter Class 1 and 2,2023,Mandatory (QCO),Compulsory Certification,"Static, Direct, Connected, Watt, Hour, Smart",Product Certification (Scheme I),https://www.bis.gov.in/product-certification/products-under-compulsory-certification/scheme-i-mark-scheme/?lang=en
IS 16444 Part 2,"A.C. Static Transformer Operated Watt Hour and Var-Hour Smart Meters, Class 0.2S, 0.5S and 1.0S",Current,Mandatory (QCO),Compulsory Certification,"Static, Transformer, Operated, Watt, Hour, Smart",Product Certification (Scheme I),https://www.bis.gov.in/product-certification/products-under-compulsory-certification/scheme-i-mark-scheme/?lang=en
IS 17790 : 2022,Insulated Flask for Domestic Use,2022,Mandatory (QCO),Compulsory Certification,"Insulated, Flask, Domestic",Product Certification (Scheme I),https://www.bis.gov.in/product-certification/products-under-compulsory-certification/scheme-i-mark-scheme/?lang=en
IS 17526 : 2021,Domestic Stainless steel vacuum flask/bottle,2021,Mandatory (QCO),Compulsory Certification,"Domestic, Stainless, steel, vacuum, flask, bottle",Product Certification (Scheme I),https://www.bis.gov.in/product-certification/products-under-compulsory-certification/scheme-i-mark-scheme/?lang=en
IS 17569: 2021,Insulated Container for Food Storage,2021,Mandatory (QCO),Compulsory Certification,"Insulated, Container, Food, Storage",Product Certification (Scheme I),https://www.bis.gov.in/product-certification/products-under-compulsory-certification/scheme-i-mark-scheme/?lang=en
IS 3513 (Part 1) : 1989,Resin treated compressed wood laminates (compregs) – For electrical purposes,1989,Mandatory (QCO),Compulsory Certification,"Resin, treated, compressed, wood, laminates, compregs",Product Certification (Scheme I),https://www.bis.gov.in/product-certification/products-under-compulsory-certification/scheme-i-mark-scheme/?lang=en
IS 3513 (Part 2) : 1989,Resin treated compressed wood laminates (compregs) – For chemical purposes,1989,Mandatory (QCO),Compulsory Certification,"Resin, treated, compressed, wood, laminates, compregs",Product Certification (Scheme I),https://www.bis.gov.in/product-certification/products-under-compulsory-certification/scheme-i-mark-scheme/?lang=en
IS 3513 (Part 3) : 1989,Resin treated compressed wood laminates (compregs) – For general purposes,1989,Mandatory (QCO),Compulsory Certification,"Resin, treated, compressed, wood, laminates, compregs",Product Certification (Scheme I),https://www.bis.gov.in/product-certification/products-under-compulsory-certification/scheme-i-mark-scheme/?lang=en
IS 1363 (Part 1) :2019,"Hexagon Head Bolts, Screws and Nuts of product Grade C Hexagon Head Bolts (Size Range M 5 to M 64)",2019,Mandatory (QCO),Compulsory Certification,"Hexagon, Head, Bolts, Screws, Nuts, product",Product Certification (Scheme I),https://www.bis.gov.in/product-certification/products-under-compulsory-certification/scheme-i-mark-scheme/?lang=en
IS 1363 (Part 2) :2018,Hexagon Head Screw (Size ranges from M 5 to 64),2018,Mandatory (QCO),Compulsory Certification,"Hexagon, Head, Screw, Size, ranges, from",Product Certification (Scheme I),https://www.bis.gov.in/product-certification/products-under-compulsory-certification/scheme-i-mark-scheme/?lang=en
IS 1363 (Part 3) :2018,"Hexagon Head Bolts, Screws and Nuts of product Grade C – Hexagon Nuts (Size Range M5 to M64)",2018,Mandatory (QCO),Compulsory Certification,"Hexagon, Head, Bolts, Screws, Nuts, product",Product Certification (Scheme I),https://www.bis.gov.in/product-certification/products-under-compulsory-certification/scheme-i-mark-scheme/?lang=en
IS 1364 (Part 1) :2018,"Hexagon Head Bolts, Screws and Nuts of product Grades A and B – Hexagon Head Bolts (Size Range M 1.6 To M 64)",2018,Mandatory (QCO),Compulsory Certification,"Hexagon, Head, Bolts, Screws, Nuts, product",Product Certification (Scheme I),https://www.bis.gov.in/product-certification/products-under-compulsory-certification/scheme-i-mark-scheme/?lang=en
IS 1364 (Part 2) :2018,"Hexagon Head Bolts, Screws and Nuts of Product Grades A and B – Hexagon Head Screws (Size Range M 1.6 to M 64)",2018,Mandatory (QCO),Compulsory Certification,"Hexagon, Head, Bolts, Screws, Nuts, Product",Product Certification (Scheme I),https://www.bis.gov.in/product-certification/products-under-compulsory-certification/scheme-i-mark-scheme/?lang=en
IS 4621:1975,Indicating Bolts for use in public baths and lavatories,1975,Mandatory (QCO),Compulsory Certification,"Indicating, Bolts, public, baths, lavatories",Product Certification (Scheme I),https://www.bis.gov.in/product-certification/products-under-compulsory-certification/scheme-i-mark-scheme/?lang=en
IS 5187: 1972,Flush Bolts,1972,Mandatory (QCO),Compulsory Certification,"Flush, Bolts",Product Certification (Scheme I),https://www.bis.gov.in/product-certification/products-under-compulsory-certification/scheme-i-mark-scheme/?lang=en
IS 10238:2001,Fasteners – Threaded Steel Fastener – Step Bolts for Steel Structures,2001,Mandatory (QCO),Compulsory Certification,"Fasteners, Threaded, Steel, Fastener, Step, Bolts",Product Certification (Scheme I),https://www.bis.gov.in/product-certification/products-under-compulsory-certification/scheme-i-mark-scheme/?lang=en
IS 12427 : 2001,Fasteners – Threaded Steel Fasteners – Hexagon Head Transmission Tower Bolts,2001,Mandatory (QCO),Compulsory Certification,"Fasteners, Threaded, Steel, Hexagon, Head, Transmission",Product Certification (Scheme I),https://www.bis.gov.in/product-certification/products-under-compulsory-certification/scheme-i-mark-scheme/?lang=en
IS 3757 : 1985,High Strength Structural Bolts,1985,Mandatory (QCO),Compulsory Certification,"High, Strength, Structural, Bolts",Product Certification (Scheme I),https://www.bis.gov.in/product-certification/products-under-compulsory-certification/scheme-i-mark-scheme/?lang=en
IS 204 (Part 2): 1992,Tower Bolts- Non-ferrous metal,1992,Mandatory (QCO),Compulsory Certification,"Tower, Bolts, ferrous, metal",Product Certification (Scheme I),https://www.bis.gov.in/product-certification/products-under-compulsory-certification/scheme-i-mark-scheme/?lang=en
IS 204 (Part 1): 1991,Tower Bolts- Ferrous metals,1991,Mandatory (QCO),Compulsory Certification,"Tower, Bolts, Ferrous, metals",Product Certification (Scheme I),https://www.bis.gov.in/product-certification/products-under-compulsory-certification/scheme-i-mark-scheme/?lang=en
IS 15834 : 2022,Stainless Steel Sliding Door Bolts (Aldrops) for use With Padlocks,2022,Mandatory (QCO),Compulsory Certification,"Stainless, Steel, Sliding, Door, Bolts, Aldrops",Product Certification (Scheme I),https://www.bis.gov.in/product-certification/products-under-compulsory-certification/scheme-i-mark-scheme/?lang=en
IS 2681 : 1993,Non-ferrous metal sliding door bolts (aldrops) for use with padlocks,1993,Mandatory (QCO),Compulsory Certification,"ferrous, metal, sliding, door, bolts, aldrops",Product Certification (Scheme I),https://www.bis.gov.in/product-certification/products-under-compulsory-certification/scheme-i-mark-scheme/?lang=en
IS 281 : 2009,Mild steel sliding door bolts for use with padlocks,2009,Mandatory (QCO),Compulsory Certification,"Mild, steel, sliding, door, bolts, with",Product Certification (Scheme I),https://www.bis.gov.in/product-certification/products-under-compulsory-certification/scheme-i-mark-scheme/?lang=en
IS 7534: 1985,Sliding locking bolts for use with padlocks,1985,Mandatory (QCO),Compulsory Certification,"Sliding, locking, bolts, with, padlocks",Product Certification (Scheme I),https://www.bis.gov.in/product-certification/products-under-compulsory-certification/scheme-i-mark-scheme/?lang=en
IS 1284 : 1975,Wrought Aluminium Alloy Bolt and Screw Stock for General Engineering purposes,1975,Mandatory (QCO),Compulsory Certification,"Wrought, Aluminium, Alloy, Bolt, Screw, Stock",Product Certification (Scheme I),https://www.bis.gov.in/product-certification/products-under-compulsory-certification/scheme-i-mark-scheme/?lang=en
IS 15833 : 2009,Stainless steel Tower Bolts,2009,Mandatory (QCO),Compulsory Certification,"Stainless, steel, Tower, Bolts",Product Certification (Scheme I),https://www.bis.gov.in/product-certification/products-under-compulsory-certification/scheme-i-mark-scheme/?lang=en
IS 6623 : 2004,High Strength Structural Nuts,2004,Mandatory (QCO),Compulsory Certification,"High, Strength, Structural, Nuts",Product Certification (Scheme I),https://www.bis.gov.in/product-certification/products-under-compulsory-certification/scheme-i-mark-scheme/?lang=en
IS 14756 : 2022,Stainless Steel Cookware,2022,Mandatory (QCO),Compulsory Certification,"Stainless, Steel, Cookware",Product Certification (Scheme I),https://www.bis.gov.in/product-certification/products-under-compulsory-certification/scheme-i-mark-scheme/?lang=en
IS 1660:2024,Wrought Aluminium Utensils,2024,Mandatory (QCO),Compulsory Certification,"Wrought, Aluminium, Utensils",Product Certification (Scheme I),https://www.bis.gov.in/product-certification/products-under-compulsory-certification/scheme-i-mark-scheme/?lang=en
IS 13983:1994,Stainless Steel Sinks for Domestic Purposes,1994,Mandatory (QCO),Compulsory Certification,"Stainless, Steel, Sinks, Domestic, Purposes",Product Certification (Scheme I),https://www.bis.gov.in/product-certification/products-under-compulsory-certification/scheme-i-mark-scheme/?lang=en
IS 18427:2024,Three piece round open top metal cans for foods and beverages,2024,Mandatory (QCO),Compulsory Certification,"Three, piece, round, open, metal, cans",Product Certification (Scheme I),https://www.bis.gov.in/product-certification/products-under-compulsory-certification/scheme-i-mark-scheme/?lang=en
IS 14407:2023,Aluminium cans for beverages,2023,Mandatory (QCO),Compulsory Certification,"Aluminium, cans, beverages",Product Certification (Scheme I),https://www.bis.gov.in/product-certification/products-under-compulsory-certification/scheme-i-mark-scheme/?lang=en
IS 17153:2019,Domestic Gas Stoves for use with Piped Natural Gas (PNG),2019,Mandatory (QCO),Compulsory Certification,"Domestic, Stoves, with, Piped, Natural",Product Certification (Scheme I),https://www.bis.gov.in/product-certification/products-under-compulsory-certification/scheme-i-mark-scheme/?lang=en
IS 15683 : 2018,Portable Fire Extinguishers,2018,Mandatory (QCO),Compulsory Certification,"Portable, Fire, Extinguishers",Product Certification (Scheme I),https://www.bis.gov.in/product-certification/products-under-compulsory-certification/scheme-i-mark-scheme/?lang=en
IS 16018:2012,Wheeled Fire Extinguishers,2012,Mandatory (QCO),Compulsory Certification,"Wheeled, Fire, Extinguishers",Product Certification (Scheme I),https://www.bis.gov.in/product-certification/products-under-compulsory-certification/scheme-i-mark-scheme/?lang=en
IS 374:2019,Electric Ceiling Type Fans,2019,Mandatory (QCO),Compulsory Certification,"Electric, Ceiling, Type, Fans",Product Certification (Scheme I),https://www.bis.gov.in/product-certification/products-under-compulsory-certification/scheme-i-mark-scheme/?lang=en
IS 1659:2004,Block Boards,2004,Mandatory (QCO),Compulsory Certification,"Block, Boards",Product Certification (Scheme I),https://www.bis.gov.in/product-certification/products-under-compulsory-certification/scheme-i-mark-scheme/?lang=en
IS 12823:2015,Prelaminated particle boards from wood and other Lignocellulosic material,2015,Mandatory (QCO),Compulsory Certification,"Prelaminated, particle, boards, from, wood, other",Product Certification (Scheme I),https://www.bis.gov.in/product-certification/products-under-compulsory-certification/scheme-i-mark-scheme/?lang=en
IS 3087:2005,Particle boards of wood and other lignocellulosic materials (medium density) for general purpose,2005,Mandatory (QCO),Compulsory Certification,"Particle, boards, wood, other, lignocellulosic, materials",Product Certification (Scheme I),https://www.bis.gov.in/product-certification/products-under-compulsory-certification/scheme-i-mark-scheme/?lang=en
IS 12406:2021,Medium density fibre boards for general purpose,2021,Mandatory (QCO),Compulsory Certification,"Medium, density, fibre, boards, general, purpose",Product Certification (Scheme I),https://www.bis.gov.in/product-certification/products-under-compulsory-certification/scheme-i-mark-scheme/?lang=en
IS 3097:2006,Veneered particle boards,2006,Mandatory (QCO),Compulsory Certification,"Veneered, particle, boards",Product Certification (Scheme I),https://www.bis.gov.in/product-certification/products-under-compulsory-certification/scheme-i-mark-scheme/?lang=en
IS 1726:1991,Cast iron man hole covers and frames,1991,Mandatory (QCO),Compulsory Certification,"Cast, iron, hole, covers, frames",Product Certification (Scheme I),https://www.bis.gov.in/product-certification/products-under-compulsory-certification/scheme-i-mark-scheme/?lang=en
IS 1729:2002,Cast iron/ductile iron drainage pipes and pipe fittings for over ground non-pressure pipelines socket and spigot series,2002,Mandatory (QCO),Compulsory Certification,"Cast, iron, ductile, drainage, pipes, pipe",Product Certification (Scheme I),https://www.bis.gov.in/product-certification/products-under-compulsory-certification/scheme-i-mark-scheme/?lang=en
IS 1879:2010,Malleable cast iron pipe fittings,2010,Mandatory (QCO),Compulsory Certification,"Malleable, cast, iron, pipe, fittings",Product Certification (Scheme I),https://www.bis.gov.in/product-certification/products-under-compulsory-certification/scheme-i-mark-scheme/?lang=en
IS 13349:1992,Cast iron single faced thimble mounted sluice gates,1992,Mandatory (QCO),Compulsory Certification,"Cast, iron, single, faced, thimble, mounted",Product Certification (Scheme I),https://www.bis.gov.in/product-certification/products-under-compulsory-certification/scheme-i-mark-scheme/?lang=en
IS 210:2009,Grey iron castings,2009,Mandatory (QCO),Compulsory Certification,"Grey, iron, castings",Product Certification (Scheme I),https://www.bis.gov.in/product-certification/products-under-compulsory-certification/scheme-i-mark-scheme/?lang=en
IS 1537:1976,"Vertically cast – iron pressure pipes for water, gas and sewage",1976,Mandatory (QCO),Compulsory Certification,"Vertically, cast, iron, pressure, pipes, water",Product Certification (Scheme I),https://www.bis.gov.in/product-certification/products-under-compulsory-certification/scheme-i-mark-scheme/?lang=en
IS 17293:2020,Electric Cable for Photovoltic Systems for rated voltage 1500V DC,2020,Mandatory (QCO),Compulsory Certification,"Electric, Cable, Photovoltic, Systems, rated, voltage",Product Certification (Scheme I),https://www.bis.gov.in/product-certification/products-under-compulsory-certification/scheme-i-mark-scheme/?lang=en
IS 17505(Part 1): 2021,"Thermosetting Insulated, Fire Survival Cables for working voltage upto and including 1100V AC and 1500V DC",2021,Mandatory (QCO),Compulsory Certification,"Thermosetting, Insulated, Fire, Survival, Cables, working",Product Certification (Scheme I),https://www.bis.gov.in/product-certification/products-under-compulsory-certification/scheme-i-mark-scheme/?lang=en
IS 617:1994,Cast aluminium and its alloys – Ingots and castings for general engineering purposes,1994,Mandatory (QCO),Compulsory Certification,"Cast, aluminium, alloys, Ingots, castings, general",Product Certification (Scheme I),https://www.bis.gov.in/product-certification/products-under-compulsory-certification/scheme-i-mark-scheme/?lang=en
IS 11890 : 1987,High purity primary aluminum ingot for remelting for special applications,1987,Mandatory (QCO),Compulsory Certification,"High, purity, primary, aluminum, ingot, remelting",Product Certification (Scheme I),https://www.bis.gov.in/product-certification/products-under-compulsory-certification/scheme-i-mark-scheme/?lang=en
IS 6754:1972,Aluminum alloy ingots for remelting for general engineering purpose,1972,Mandatory (QCO),Compulsory Certification,"Aluminum, alloy, ingots, remelting, general, engineering",Product Certification (Scheme I),https://www.bis.gov.in/product-certification/products-under-compulsory-certification/scheme-i-mark-scheme/?lang=en
IS 2590 : 1987,Primary aluminium ingots for remelting for general engineering purpose,1987,Mandatory (QCO),Compulsory Certification,"Primary, aluminium, ingots, remelting, general, engineering",Product Certification (Scheme I),https://www.bis.gov.in/product-certification/products-under-compulsory-certification/scheme-i-mark-scheme/?lang=en
IS 4026 : 2023,Aluminum ingots billets and wire bars (EC GRADE),2023,Mandatory (QCO),Compulsory Certification,"Aluminum, ingots, billets, wire, bars, GRADE",Product Certification (Scheme I),https://www.bis.gov.in/product-certification/products-under-compulsory-certification/scheme-i-mark-scheme/?lang=en
IS 191:2007,Copper,2007,Mandatory (QCO),Compulsory Certification,Copper,Product Certification (Scheme I),https://www.bis.gov.in/product-certification/products-under-compulsory-certification/scheme-i-mark-scheme/?lang=en
IS 7506:1987,Nickel Powder,1987,Mandatory (QCO),Compulsory Certification,"Nickel, Powder",Product Certification (Scheme I),https://www.bis.gov.in/product-certification/products-under-compulsory-certification/scheme-i-mark-scheme/?lang=en
IS 303 : 1989,Plywood for general purposes,1989,Mandatory (QCO),Compulsory Certification,"Plywood, general, purposes",Product Certification (Scheme I),https://www.bis.gov.in/product-certification/products-under-compulsory-certification/scheme-i-mark-scheme/?lang=en
IS 2202 (Part 1) : 1999,Wooden flush door shutters (solid core type) – Plywood face panels,1999,Mandatory (QCO),Compulsory Certification,"Wooden, flush, door, shutters, solid, core",Product Certification (Scheme I),https://www.bis.gov.in/product-certification/products-under-compulsory-certification/scheme-i-mark-scheme/?lang=en
IS 710 : 2010,Marine plywood,2010,Mandatory (QCO),Compulsory Certification,"Marine, plywood",Product Certification (Scheme I),https://www.bis.gov.in/product-certification/products-under-compulsory-certification/scheme-i-mark-scheme/?lang=en
IS 5509 : 2021,Fire retardant plywood,2021,Mandatory (QCO),Compulsory Certification,"Fire, retardant, plywood",Product Certification (Scheme I),https://www.bis.gov.in/product-certification/products-under-compulsory-certification/scheme-i-mark-scheme/?lang=en
IS 1328 : 1996,Veneered decorative plywood,1996,Mandatory (QCO),Compulsory Certification,"Veneered, decorative, plywood",Product Certification (Scheme I),https://www.bis.gov.in/product-certification/products-under-compulsory-certification/scheme-i-mark-scheme/?lang=en
IS 2191 (Part 2): 2022,Wooden flush door shutters (cellular and hollow core type) – Particle board and hardboard face panels,2022,Mandatory (QCO),Compulsory Certification,"Wooden, flush, door, shutters, cellular, hollow",Product Certification (Scheme I),https://www.bis.gov.in/product-certification/products-under-compulsory-certification/scheme-i-mark-scheme/?lang=en
IS 2191 (Part 1): 2022,Wooden flush door shutters (cellular and hollow core type) – Plywood face panels,2022,Mandatory (QCO),Compulsory Certification,"Wooden, flush, door, shutters, cellular, hollow",Product Certification (Scheme I),https://www.bis.gov.in/product-certification/products-under-compulsory-certification/scheme-i-mark-scheme/?lang=en
IS 2202 (Part 2): 2022,"Wooden Flush Door Shutters (Solid core type) – Particle board, High Density Fibre Board, Medium Density Fibre Board and Fibre Hardboard Face Panels",2022,Mandatory (QCO),Compulsory Certification,"Wooden, Flush, Door, Shutters, Solid, core",Product Certification (Scheme I),https://www.bis.gov.in/product-certification/products-under-compulsory-certification/scheme-i-mark-scheme/?lang=en
IS 4990 : 2011,Plywood for concrete shuttering works – Specification,2011,Mandatory (QCO),Compulsory Certification,"Plywood, concrete, shuttering, works, Specification",Product Certification (Scheme I),https://www.bis.gov.in/product-certification/products-under-compulsory-certification/scheme-i-mark-scheme/?lang=en
IS 10701 : 2012,Structural plywood – Specification,2012,Mandatory (QCO),Compulsory Certification,"Structural, plywood, Specification",Product Certification (Scheme I),https://www.bis.gov.in/product-certification/products-under-compulsory-certification/scheme-i-mark-scheme/?lang=en
IS 1921: 2005,Flux Cored Solder Wire,1921,Mandatory (QCO),Compulsory Certification,"Flux, Cored, Solder, Wire",Product Certification (Scheme I),https://www.bis.gov.in/product-certification/products-under-compulsory-certification/scheme-i-mark-scheme/?lang=en
IS 15155 : 2020,Bar or wire Wrapped Steel Cylinder Pipes with Mortar Lining and Coating Including Specials,2020,Mandatory (QCO),Compulsory Certification,"wire, Wrapped, Steel, Cylinder, Pipes, with",Product Certification (Scheme I),https://www.bis.gov.in/product-certification/products-under-compulsory-certification/scheme-i-mark-scheme/?lang=en
IS 16651 : 2017,High Strength deformed stainless steel bars and wires for concrete reinforcement,2017,Mandatory (QCO),Compulsory Certification,"High, Strength, deformed, stainless, steel, bars",Product Certification (Scheme I),https://www.bis.gov.in/product-certification/products-under-compulsory-certification/scheme-i-mark-scheme/?lang=en
IS 6392 : 2020,Steel Pipe Flanges,2020,Mandatory (QCO),Compulsory Certification,"Steel, Pipe, Flanges",Product Certification (Scheme I),https://www.bis.gov.in/product-certification/products-under-compulsory-certification/scheme-i-mark-scheme/?lang=en
IS 6913 : 1973,Stainless steel tubes for the food and beverage industry,1973,Mandatory (QCO),Compulsory Certification,"Stainless, steel, tubes, food, beverage, industry",Product Certification (Scheme I),https://www.bis.gov.in/product-certification/products-under-compulsory-certification/scheme-i-mark-scheme/?lang=en
IS 7092 (Part 1):1992,Aluminium alloy tubes for irrigation purposes -welded tubes,1992,Mandatory (QCO),Compulsory Certification,"Aluminium, alloy, tubes, irrigation, purposes, welded",Product Certification (Scheme I),https://www.bis.gov.in/product-certification/products-under-compulsory-certification/scheme-i-mark-scheme/?lang=en
IS 7092 (Part 2):1987,Aluminium alloy tube for irrigation purposes – extruded tube,1987,Mandatory (QCO),Compulsory Certification,"Aluminium, alloy, tube, irrigation, purposes, extruded",Product Certification (Scheme I),https://www.bis.gov.in/product-certification/products-under-compulsory-certification/scheme-i-mark-scheme/?lang=en
IS 5484:1997,EC Grade Aluminium Rod produced by Continuous Casting and Rolling,1997,Mandatory (QCO),Compulsory Certification,"Grade, Aluminium, produced, Continuous, Casting, Rolling",Product Certification (Scheme I),https://www.bis.gov.in/product-certification/products-under-compulsory-certification/scheme-i-mark-scheme/?lang=en
IS 733:1983,"Wrought aluminium and aluminium alloy bars, rods and sections (For General Engineering Purposes)",1983,Mandatory (QCO),Compulsory Certification,"Wrought, aluminium, alloy, bars, rods, sections",Product Certification (Scheme I),https://www.bis.gov.in/product-certification/products-under-compulsory-certification/scheme-i-mark-scheme/?lang=en
IS 734:1975,"Wrought aluminium and aluminium alloys, forging stock and forgings for general engineering purposes",1975,Mandatory (QCO),Compulsory Certification,"Wrought, aluminium, alloys, forging, stock, forgings",Product Certification (Scheme I),https://www.bis.gov.in/product-certification/products-under-compulsory-certification/scheme-i-mark-scheme/?lang=en
IS 736:1986,Wrought aluminium and aluminium alloy plate for general engineering purposes,1986,Mandatory (QCO),Compulsory Certification,"Wrought, aluminium, alloy, plate, general, engineering",Product Certification (Scheme I),https://www.bis.gov.in/product-certification/products-under-compulsory-certification/scheme-i-mark-scheme/?lang=en
IS 737:2008,Wrought aluminium and aluminium alloy sheet and strip for general engineering purposes,2008,Mandatory (QCO),Compulsory Certification,"Wrought, aluminium, alloy, sheet, strip, general",Product Certification (Scheme I),https://www.bis.gov.in/product-certification/products-under-compulsory-certification/scheme-i-mark-scheme/?lang=en
IS 739:1992,Wrought aluminium and aluminium alloy wire for general engineering purposes,1992,Mandatory (QCO),Compulsory Certification,"Wrought, aluminium, alloy, wire, general, engineering",Product Certification (Scheme I),https://www.bis.gov.in/product-certification/products-under-compulsory-certification/scheme-i-mark-scheme/?lang=en
IS 740:1977,Wrought aluminium and aluminium alloy rivet stock for general engineering purposes,1977,Mandatory (QCO),Compulsory Certification,"Wrought, aluminium, alloy, rivet, stock, general",Product Certification (Scheme I),https://www.bis.gov.in/product-certification/products-under-compulsory-certification/scheme-i-mark-scheme/?lang=en
IS 5082:1998,"Wrought aluminium and aluminium alloy bars, rods, tubes, sections, plates and sheets for electrical applications",1998,Mandatory (QCO),Compulsory Certification,"Wrought, aluminium, alloy, bars, rods, tubes",Product Certification (Scheme I),https://www.bis.gov.in/product-certification/products-under-compulsory-certification/scheme-i-mark-scheme/?lang=en
IS 16011:2012,Aluminium and aluminium alloy foil for pharmaceutical packaging,2012,Mandatory (QCO),Compulsory Certification,"Aluminium, aluminium, alloy, foil, pharmaceutical, packaging",Product Certification (Scheme I),https://www.bis.gov.in/product-certification/products-under-compulsory-certification/scheme-i-mark-scheme/?lang=en
IS 17682:2021,Aluminium composite panel,2021,Mandatory (QCO),Compulsory Certification,"Aluminium, composite, panel",Product Certification (Scheme I),https://www.bis.gov.in/product-certification/products-under-compulsory-certification/scheme-i-mark-scheme/?lang=en
IS 1285:2002,Wrought aluminium and aluminium alloys- Extruded round tube and hollow sections for general engineering purposes,2002,Mandatory (QCO),Compulsory Certification,"Wrought, aluminium, alloys, Extruded, round, tube",Product Certification (Scheme I),https://www.bis.gov.in/product-certification/products-under-compulsory-certification/scheme-i-mark-scheme/?lang=en
IS 2067:1975,Wrought Aluminium Wire for Electrical Purposes,2067,Mandatory (QCO),Compulsory Certification,"Wrought, Aluminium, Wire, Electrical, Purposes",Product Certification (Scheme I),https://www.bis.gov.in/product-certification/products-under-compulsory-certification/scheme-i-mark-scheme/?lang=en
IS 21:1992,Wrought aluminium and aluminium alloys for manufacture of utensils,1992,Mandatory (QCO),Compulsory Certification,"Wrought, aluminium, alloys, manufacture, utensils",Product Certification (Scheme I),https://www.bis.gov.in/product-certification/products-under-compulsory-certification/scheme-i-mark-scheme/?lang=en
IS 1254:2007,Corrugated Aluminium Sheet,2007,Mandatory (QCO),Compulsory Certification,"Corrugated, Aluminium, Sheet",Product Certification (Scheme I),https://www.bis.gov.in/product-certification/products-under-compulsory-certification/scheme-i-mark-scheme/?lang=en
IS 7902:2001,Aluminium alloy forging stock and forgings (Alloy 24345) for aerospace applications,2001,Mandatory (QCO),Compulsory Certification,"Aluminium, alloy, forging, stock, forgings, Alloy",Product Certification (Scheme I),https://www.bis.gov.in/product-certification/products-under-compulsory-certification/scheme-i-mark-scheme/?lang=en
IS 2403 :2014 / ISO 606 : 2004,"Short – Pitch Transmission Precision Roller and Bush Chains, Attachments and Associated Chain Sprockets",2014,Mandatory (QCO),Compulsory Certification,"Short, Pitch, Transmission, Precision, Roller, Bush",Product Certification (Scheme I),https://www.bis.gov.in/product-certification/products-under-compulsory-certification/scheme-i-mark-scheme/?lang=en
IS 1475 (Part 1) : 2001,Self- Contained Drinking Water Coolers – Energy Consumption and Performance,2001,Mandatory (QCO),Compulsory Certification,"Self, Contained, Drinking, Water, Coolers, Energy",Product Certification (Scheme I),https://www.bis.gov.in/product-certification/products-under-compulsory-certification/scheme-i-mark-scheme/?lang=en
IS 5405 : 2019,Sanitary napkins,2019,Mandatory (QCO),Compulsory Certification,"Sanitary, napkins",Product Certification (Scheme I),https://www.bis.gov.in/product-certification/products-under-compulsory-certification/scheme-i-mark-scheme/?lang=en
IS 17509 : 2021,Disposable baby diaper,2021,Mandatory (QCO),Compulsory Certification,"Disposable, baby, diaper",Product Certification (Scheme I),https://www.bis.gov.in/product-certification/products-under-compulsory-certification/scheme-i-mark-scheme/?lang=en
IS 17514 : 2021,Reusable Sanitary pad/ Sanitary Napkin/ Period Panties,2021,Mandatory (QCO),Compulsory Certification,"Reusable, Sanitary, Napkin, Period, Panties",Product Certification (Scheme I),https://www.bis.gov.in/product-certification/products-under-compulsory-certification/scheme-i-mark-scheme/?lang=en
IS 17349 : 2020,Shoe covers,2020,Mandatory (QCO),Compulsory Certification,"Shoe, covers",Product Certification (Scheme I),https://www.bis.gov.in/product-certification/products-under-compulsory-certification/scheme-i-mark-scheme/?lang=en
IS 17354 : 2020,Dental Bib or Napkins,2020,Mandatory (QCO),Compulsory Certification,"Dental, Napkins",Product Certification (Scheme I),https://www.bis.gov.in/product-certification/products-under-compulsory-certification/scheme-i-mark-scheme/?lang=en
IS 17630 : 2021,Bed sheet and Pillow Cover,2021,Mandatory (QCO),Compulsory Certification,"sheet, Pillow, Cover",Product Certification (Scheme I),https://www.bis.gov.in/product-certification/products-under-compulsory-certification/scheme-i-mark-scheme/?lang=en
IS 16718 : 2021,Polypropylene Spun Bonded Non—Woven Crop Cover and Fruit Skirting Bags for Agriculture and Horticulture Applications,2021,Mandatory (QCO),Compulsory Certification,"Polypropylene, Spun, Bonded, Woven, Crop, Cover",Product Certification (Scheme I),https://www.bis.gov.in/product-certification/products-under-compulsory-certification/scheme-i-mark-scheme/?lang=en
IS 16513 : 2016,Insect nets for Agriculture and Horticulture purpose,2016,Mandatory (QCO),Compulsory Certification,"Insect, nets, Agriculture, Horticulture, purpose",Product Certification (Scheme I),https://www.bis.gov.in/product-certification/products-under-compulsory-certification/scheme-i-mark-scheme/?lang=en
IS 16202 : 2014,Woven Ground covers for Horticulture Application,2014,Mandatory (QCO),Compulsory Certification,"Woven, Ground, covers, Horticulture, Application",Product Certification (Scheme I),https://www.bis.gov.in/product-certification/products-under-compulsory-certification/scheme-i-mark-scheme/?lang=en
IS 17070 : 2019,Jute Agro textiles for Growth of Plants and Suppression of Weeds,2019,Mandatory (QCO),Compulsory Certification,"Jute, Agro, textiles, Growth, Plants, Suppression",Product Certification (Scheme I),https://www.bis.gov.in/product-certification/products-under-compulsory-certification/scheme-i-mark-scheme/?lang=en
IS 15907 : 2010,High Density Polyethylene (HDPE) woven beds for vermiculture,2010,Mandatory (QCO),Compulsory Certification,"High, Density, Polyethylene, HDPE, woven, beds",Product Certification (Scheme I),https://www.bis.gov.in/product-certification/products-under-compulsory-certification/scheme-i-mark-scheme/?lang=en
IS 16089 : 2013,Sapling bags for growth of seedling /sapling,2013,Mandatory (QCO),Compulsory Certification,"Sapling, bags, growth, seedling, sapling",Product Certification (Scheme I),https://www.bis.gov.in/product-certification/products-under-compulsory-certification/scheme-i-mark-scheme/?lang=en
IS 16190 : 2014,High Density Polyethylene (HDPE) laminated woven lay flat tube for irrigation purpose,2014,Mandatory (QCO),Compulsory Certification,"High, Density, Polyethylene, HDPE, laminated, woven",Product Certification (Scheme I),https://www.bis.gov.in/product-certification/products-under-compulsory-certification/scheme-i-mark-scheme/?lang=en
IS 16390 : 2015,Nylon Knitted seamless gloves for tobacco harvesters,2015,Mandatory (QCO),Compulsory Certification,"Nylon, Knitted, seamless, gloves, tobacco, harvesters",Product Certification (Scheme I),https://www.bis.gov.in/product-certification/products-under-compulsory-certification/scheme-i-mark-scheme/?lang=en
IS 16627 : 2017,High density polyethylene (HDPE) laminated woven lay flat tube for use in mains and submains of drip irrigation system,2017,Mandatory (QCO),Compulsory Certification,"High, density, polyethylene, HDPE, laminated, woven",Product Certification (Scheme I),https://www.bis.gov.in/product-certification/products-under-compulsory-certification/scheme-i-mark-scheme/?lang=en
IS 17355 : 2020,Propylene Spun bonded non—woven mulch mat for agriculture and horticulture applications,2020,Mandatory (QCO),Compulsory Certification,"Propylene, Spun, bonded, woven, mulch, agriculture",Product Certification (Scheme I),https://www.bis.gov.in/product-certification/products-under-compulsory-certification/scheme-i-mark-scheme/?lang=en
IS 17356 : 2020,Windshield nets for agriculture and horticulture purpose,2020,Mandatory (QCO),Compulsory Certification,"Windshield, nets, agriculture, horticulture, purpose",Product Certification (Scheme I),https://www.bis.gov.in/product-certification/products-under-compulsory-certification/scheme-i-mark-scheme/?lang=en
IS 17357 : 2020,Harvest nets for agriculture and horticulture purposes,2020,Mandatory (QCO),Compulsory Certification,"Harvest, nets, agriculture, horticulture, purposes",Product Certification (Scheme I),https://www.bis.gov.in/product-certification/products-under-compulsory-certification/scheme-i-mark-scheme/?lang=en
IS 17358 (Part 1) : 2020,Fencing nets for agriculture and horticulture purposes – made from extruded polymer mesh,2020,Mandatory (QCO),Compulsory Certification,"Fencing, nets, agriculture, horticulture, purposes, made",Product Certification (Scheme I),https://www.bis.gov.in/product-certification/products-under-compulsory-certification/scheme-i-mark-scheme/?lang=en
IS 17358 (Part 2) : 2020,Fencing nets for agriculture and horticulture purposes -made from mono filament yarns and combination of tape and mono filament yarns,2020,Mandatory (QCO),Compulsory Certification,"Fencing, nets, agriculture, horticulture, purposes, made",Product Certification (Scheme I),https://www.bis.gov.in/product-certification/products-under-compulsory-certification/scheme-i-mark-scheme/?lang=en
IS 17513 : 2020,Plant Support Nets for Agriculture and Horticulture Purposes,2020,Mandatory (QCO),Compulsory Certification,"Plant, Support, Nets, Agriculture, Horticulture, Purposes",Product Certification (Scheme I),https://www.bis.gov.in/product-certification/products-under-compulsory-certification/scheme-i-mark-scheme/?lang=en
IS 17728 : 2021,High Density Polyethylene (HDPE) Laminated Woven Lay Flat Tube and Fittings for use in Rain Irrigation System,2021,Mandatory (QCO),Compulsory Certification,"High, Density, Polyethylene, HDPE, Laminated, Woven",Product Certification (Scheme I),https://www.bis.gov.in/product-certification/products-under-compulsory-certification/scheme-i-mark-scheme/?lang=en
IS 17729 : 2021,Flexible Water Storage Tank for Agriculture and Horticulture Purposes,2021,Mandatory (QCO),Compulsory Certification,"Flexible, Water, Storage, Tank, Agriculture, Horticulture",Product Certification (Scheme I),https://www.bis.gov.in/product-certification/products-under-compulsory-certification/scheme-i-mark-scheme/?lang=en
IS 17730 (Part 1) : 2021,Hail Protection Nets for Agriculture and Horticulture Purposes- Warp Knitted Hail Protection Nets,2021,Mandatory (QCO),Compulsory Certification,"Hail, Protection, Nets, Agriculture, Horticulture, Purposes",Product Certification (Scheme I),https://www.bis.gov.in/product-certification/products-under-compulsory-certification/scheme-i-mark-scheme/?lang=en
IS 17730 (Part 2) : 2021,Hail Protection Nets for Agriculture and Horticulture Purposes – Woven Hail Protection Nets,2021,Mandatory (QCO),Compulsory Certification,"Hail, Protection, Nets, Agriculture, Horticulture, Purposes",Product Certification (Scheme I),https://www.bis.gov.in/product-certification/products-under-compulsory-certification/scheme-i-mark-scheme/?lang=en
IS 17731 : 2021,Laminated Woven Orchard Protection Covers,2021,Mandatory (QCO),Compulsory Certification,"Laminated, Woven, Orchard, Protection, Covers",Product Certification (Scheme I),https://www.bis.gov.in/product-certification/products-under-compulsory-certification/scheme-i-mark-scheme/?lang=en
IS 12444:2020,Copper Wire Rods for Electrical Applications,2020,Mandatory (QCO),Compulsory Certification,"Copper, Wire, Rods, Electrical, Applications",Product Certification (Scheme I),https://www.bis.gov.in/product-certification/products-under-compulsory-certification/scheme-i-mark-scheme/?lang=en
IS 613:2000,Copper Rods and Bars for Electrical Purposes,2000,Mandatory (QCO),Compulsory Certification,"Copper, Rods, Bars, Electrical, Purposes",Product Certification (Scheme I),https://www.bis.gov.in/product-certification/products-under-compulsory-certification/scheme-i-mark-scheme/?lang=en
IS 1897:2008,Copper strip for electrical purposes,2008,Mandatory (QCO),Compulsory Certification,"Copper, strip, electrical, purposes",Product Certification (Scheme I),https://www.bis.gov.in/product-certification/products-under-compulsory-certification/scheme-i-mark-scheme/?lang=en
IS 4171:1983,Copper rods and bars for general engineering purposes,1983,Mandatory (QCO),Compulsory Certification,"Copper, rods, bars, general, engineering, purposes",Product Certification (Scheme I),https://www.bis.gov.in/product-certification/products-under-compulsory-certification/scheme-i-mark-scheme/?lang=en
IS 1545: 1994,Solid drawn copper and copper alloy tubes for condensers and heat exchangers,1994,Mandatory (QCO),Compulsory Certification,"Solid, drawn, copper, alloy, tubes, condensers",Product Certification (Scheme I),https://www.bis.gov.in/product-certification/products-under-compulsory-certification/scheme-i-mark-scheme/?lang=en
IS 2501: 1995,Solid drawn copper tubes for general engineering purposes,1995,Mandatory (QCO),Compulsory Certification,"Solid, drawn, copper, tubes, general, engineering",Product Certification (Scheme I),https://www.bis.gov.in/product-certification/products-under-compulsory-certification/scheme-i-mark-scheme/?lang=en
IS 14810: 2000,Copper Tubes for plumbing- Specification,2000,Mandatory (QCO),Compulsory Certification,"Copper, Tubes, plumbing, Specification",Product Certification (Scheme I),https://www.bis.gov.in/product-certification/products-under-compulsory-certification/scheme-i-mark-scheme/?lang=en
IS 10773:1995,Wrought Copper Tubes for Refrigeration and Air- Conditioning Purpose,1995,Mandatory (QCO),Compulsory Certification,"Wrought, Copper, Tubes, Refrigeration, Conditioning, Purpose",Product Certification (Scheme I),https://www.bis.gov.in/product-certification/products-under-compulsory-certification/scheme-i-mark-scheme/?lang=en
IS 4412:1981,Copper wires for general engineering purposes,1981,Mandatory (QCO),Compulsory Certification,"Copper, wires, general, engineering, purposes",Product Certification (Scheme I),https://www.bis.gov.in/product-certification/products-under-compulsory-certification/scheme-i-mark-scheme/?lang=en
IS 13997:2014,"Drums, Large Open Top",2014,Mandatory (QCO),Compulsory Certification,"Drums, Large, Open",Product Certification (Scheme I),https://www.bis.gov.in/product-certification/products-under-compulsory-certification/scheme-i-mark-scheme/?lang=en
IS 1783 (Part 1) :2014,"Drums Large, Fixed Ends – Grade A",2014,Mandatory (QCO),Compulsory Certification,"Drums, Large, Fixed, Ends, Grade",Product Certification (Scheme I),https://www.bis.gov.in/product-certification/products-under-compulsory-certification/scheme-i-mark-scheme/?lang=en
IS 1783 (Part 2) :2014,"Drums, Large, Fixed Ends – Grade",2014,Mandatory (QCO),Compulsory Certification,"Drums, Large, Fixed, Ends, Grade",Product Certification (Scheme I),https://www.bis.gov.in/product-certification/products-under-compulsory-certification/scheme-i-mark-scheme/?lang=en
IS 2552:1989,Steel Drums (Galvanized and Ungalvanized),1989,Mandatory (QCO),Compulsory Certification,"Steel, Drums, Galvanized, Ungalvanized",Product Certification (Scheme I),https://www.bis.gov.in/product-certification/products-under-compulsory-certification/scheme-i-mark-scheme/?lang=en
IS 3575:1993,Bitumen Drums,1993,Mandatory (QCO),Compulsory Certification,"Bitumen, Drums",Product Certification (Scheme I),https://www.bis.gov.in/product-certification/products-under-compulsory-certification/scheme-i-mark-scheme/?lang=en
IS 916:2000,Square Tins for Solid Products,2000,Mandatory (QCO),Compulsory Certification,"Square, Tins, Solid, Products",Product Certification (Scheme I),https://www.bis.gov.in/product-certification/products-under-compulsory-certification/scheme-i-mark-scheme/?lang=en
IS 10325:2000,"Square Tins – 15 Kilograms or litre for Ghee, Vanaspati, Edible Oils and Bakery",2000,Mandatory (QCO),Compulsory Certification,"Square, Tins, Kilograms, litre, Ghee, Vanaspati",Product Certification (Scheme I),https://www.bis.gov.in/product-certification/products-under-compulsory-certification/scheme-i-mark-scheme/?lang=en
IS 6343:1982,Door closers (pneumatically regulated) for light doors weighing up to 40 kg,1982,Mandatory (QCO),Compulsory Certification,"Door, closers, pneumatically, regulated, light, doors",Product Certification (Scheme I),https://www.bis.gov.in/product-certification/products-under-compulsory-certification/scheme-i-mark-scheme/?lang=en
IS 14912:2001,"Door closers, concealed type (hydraulically regulated)",2001,Mandatory (QCO),Compulsory Certification,"Door, closers, concealed, type, hydraulically, regulated",Product Certification (Scheme I),https://www.bis.gov.in/product-certification/products-under-compulsory-certification/scheme-i-mark-scheme/?lang=en
IS 3564:1995,Hydraulically Regulated Door Closers,1995,Mandatory (QCO),Compulsory Certification,"Hydraulically, Regulated, Door, Closers",Product Certification (Scheme I),https://www.bis.gov.in/product-certification/products-under-compulsory-certification/scheme-i-mark-scheme/?lang=en
IS 6315:1992,Floor springs (hydraulically regulated) for heavy doors,1992,Mandatory (QCO),Compulsory Certification,"Floor, springs, hydraulically, regulated, heavy, doors",Product Certification (Scheme I),https://www.bis.gov.in/product-certification/products-under-compulsory-certification/scheme-i-mark-scheme/?lang=en
IS 1019:1974,Rim Latches,1974,Mandatory (QCO),Compulsory Certification,Latches,Product Certification (Scheme I),https://www.bis.gov.in/product-certification/products-under-compulsory-certification/scheme-i-mark-scheme/?lang=en
IS 208:2020,Door Handles,2020,Mandatory (QCO),Compulsory Certification,"Door, Handles",Product Certification (Scheme I),https://www.bis.gov.in/product-certification/products-under-compulsory-certification/scheme-i-mark-scheme/?lang=en
IS 4992:1975,Door handles for mortice lock (vertical type),1975,Mandatory (QCO),Compulsory Certification,"Door, handles, mortice, lock, vertical, type",Product Certification (Scheme I),https://www.bis.gov.in/product-certification/products-under-compulsory-certification/scheme-i-mark-scheme/?lang=en
IS 17681:2022,Bottled water dispensers,2022,Mandatory (QCO),Compulsory Certification,"Bottled, water, dispensers",Product Certification (Scheme I),https://www.bis.gov.in/product-certification/products-under-compulsory-certification/scheme-i-mark-scheme/?lang=en
IS 2745:1983,Non-metal helmet for firemen and civil defence personnel,1983,Mandatory (QCO),Compulsory Certification,"metal, helmet, firemen, civil, defence, personnel",Product Certification (Scheme I),https://www.bis.gov.in/product-certification/products-under-compulsory-certification/scheme-i-mark-scheme/?lang=en
IS 2925:1984,Industrial safety helmets,1984,Mandatory (QCO),Compulsory Certification,"Industrial, safety, helmets",Product Certification (Scheme I),https://www.bis.gov.in/product-certification/products-under-compulsory-certification/scheme-i-mark-scheme/?lang=en
IS 9562:1980,Non- metal helmet for Police Force,1980,Mandatory (QCO),Compulsory Certification,"metal, helmet, Police, Force",Product Certification (Scheme I),https://www.bis.gov.in/product-certification/products-under-compulsory-certification/scheme-i-mark-scheme/?lang=en
IS 2266 : 2019,Steel Wire Ropes for General Engineering Purposes,2019,Mandatory (QCO),Compulsory Certification,"Steel, Wire, Ropes, General, Engineering, Purposes",Product Certification (Scheme I),https://www.bis.gov.in/product-certification/products-under-compulsory-certification/scheme-i-mark-scheme/?lang=en
IS 2365 : 2018,"Steel Wire Suspension Ropes for Lifts, Elevators and Hoists",2018,Mandatory (QCO),Compulsory Certification,"Steel, Wire, Suspension, Ropes, Lifts, Elevators",Product Certification (Scheme I),https://www.bis.gov.in/product-certification/products-under-compulsory-certification/scheme-i-mark-scheme/?lang=en
IS 1855:2022,Stranded steel wire ropes for winding and man –riding haulages in mines,2022,Mandatory (QCO),Compulsory Certification,"Stranded, steel, wire, ropes, winding, riding",Product Certification (Scheme I),https://www.bis.gov.in/product-certification/products-under-compulsory-certification/scheme-i-mark-scheme/?lang=en
IS 1856:2005,Steel Wire Rope forhaulage,2005,Mandatory (QCO),Compulsory Certification,"Steel, Wire, Rope, forhaulage",Product Certification (Scheme I),https://www.bis.gov.in/product-certification/products-under-compulsory-certification/scheme-i-mark-scheme/?lang=en
IS 2141:20005,Hot Dip Galvanized Stay Strand,Current,Mandatory (QCO),Compulsory Certification,"Galvanized, Stay, Strand",Product Certification (Scheme I),https://www.bis.gov.in/product-certification/products-under-compulsory-certification/scheme-i-mark-scheme/?lang=en
IS 4521:2001,Wire Ropes Used in Oil Wells and Oil Well Drilling,2001,Mandatory (QCO),Compulsory Certification,"Wire, Ropes, Used, Wells, Well, Drilling",Product Certification (Scheme I),https://www.bis.gov.in/product-certification/products-under-compulsory-certification/scheme-i-mark-scheme/?lang=en
IS 6590:1972,Braided Nylon Ropes for Mountaineering Purposes,1972,Mandatory (QCO),Compulsory Certification,"Braided, Nylon, Ropes, Mountaineering, Purposes",Product Certification (Scheme I),https://www.bis.gov.in/product-certification/products-under-compulsory-certification/scheme-i-mark-scheme/?lang=en
IS 278:2009,Galvanized Steel Barbed Wire for Fencing,2009,Mandatory (QCO),Compulsory Certification,"Galvanized, Steel, Barbed, Wire, Fencing",Product Certification (Scheme I),https://www.bis.gov.in/product-certification/products-under-compulsory-certification/scheme-i-mark-scheme/?lang=en
IS 16014:2018,"Mechanically Woven, Double- Twisted, Hexagonal Wire Mesh Gabions, Revet Mattresses and Rock Fall Netting and Other Rock Fall Netting and Other Products for Civil Engineering Purposes (Galvanized Steel Wire or Galvanized Steel Wire with polymer coating)",2018,Mandatory (QCO),Compulsory Certification,"Mechanically, Woven, Double, Twisted, Hexagonal, Wire",Product Certification (Scheme I),https://www.bis.gov.in/product-certification/products-under-compulsory-certification/scheme-i-mark-scheme/?lang=en
IS 1269(Part 1) : 1997,Legal Metrology – Material Measure of length – Woven metallic and glass fibre tape measures,1997,Mandatory (QCO),Compulsory Certification,"Legal, Metrology, Material, Measure, length, Woven",Product Certification (Scheme I),https://www.bis.gov.in/product-certification/products-under-compulsory-certification/scheme-i-mark-scheme/?lang=en
IS 1269(Part 2) : 1997,Legal Metrology – Material Measure of length – Steel tape measures,1997,Mandatory (QCO),Compulsory Certification,"Legal, Metrology, Material, Measure, length, Steel",Product Certification (Scheme I),https://www.bis.gov.in/product-certification/products-under-compulsory-certification/scheme-i-mark-scheme/?lang=en
IS 9755 : 2021,Textiles—High Density Polyethylene (HDPE) /Polypropylene (PP) Woven Sacks for Packaging Fertilizers,2021,Mandatory (QCO),Compulsory Certification,"Textiles, High, Density, Polyethylene, HDPE, Polypropylene",Product Certification (Scheme I),https://www.bis.gov.in/product-certification/products-under-compulsory-certification/scheme-i-mark-scheme/?lang=en
IS 11652 : 2017,Textiles — High Density Polyethylene (HDPE)/ Polypropylene (PP) Woven Sacks for Packaging of 50 kg Cement,2017,Mandatory (QCO),Compulsory Certification,"Textiles, High, Density, Polyethylene, HDPE, Polypropylene",Product Certification (Scheme I),https://www.bis.gov.in/product-certification/products-under-compulsory-certification/scheme-i-mark-scheme/?lang=en
IS 16709 : 2017,"Textiles — Polypropylene (PP) Woven, Laminated, Block Bottom Valve Sacks for Packaging of 50 kg Cement",2017,Mandatory (QCO),Compulsory Certification,"Textiles, Polypropylene, Woven, Laminated, Block, Bottom",Product Certification (Scheme I),https://www.bis.gov.in/product-certification/products-under-compulsory-certification/scheme-i-mark-scheme/?lang=en
IS 16703 : 2017,Textiles — High Density Polyethylene (HDPE) Polypropylene (PP) Woven Sacks for Packaging of 25 kg Polymer Materials,2017,Mandatory (QCO),Compulsory Certification,"Textiles, High, Density, Polyethylene, HDPE, Polypropylene",Product Certification (Scheme I),https://www.bis.gov.in/product-certification/products-under-compulsory-certification/scheme-i-mark-scheme/?lang=en
IS 17399 : 2020,"Textiles — Polypropylene (PP)/ High Density Polyethylene (HDPE) Laminated Woven Sacks for Mail Sorting, Storage, Transport and Distribution",2020,Mandatory (QCO),Compulsory Certification,"Textiles, Polypropylene, High, Density, Polyethylene, HDPE",Product Certification (Scheme I),https://www.bis.gov.in/product-certification/products-under-compulsory-certification/scheme-i-mark-scheme/?lang=en
IS 550 (Part 1) : 2014,Safes,2014,Mandatory (QCO),Compulsory Certification,Safes,Product Certification (Scheme I),https://www.bis.gov.in/product-certification/products-under-compulsory-certification/scheme-i-mark-scheme/?lang=en
IS 5244 : 2020,Safe deposit locker cabinets,2020,Mandatory (QCO),Compulsory Certification,"Safe, deposit, locker, cabinets",Product Certification (Scheme I),https://www.bis.gov.in/product-certification/products-under-compulsory-certification/scheme-i-mark-scheme/?lang=en
IS 17566 : 2021,Key locks for security equipment,2021,Mandatory (QCO),Compulsory Certification,"locks, security, equipment",Product Certification (Scheme I),https://www.bis.gov.in/product-certification/products-under-compulsory-certification/scheme-i-mark-scheme/?lang=en
IS 12817:2020,Stainless steel butt hinges,2020,Mandatory (QCO),Compulsory Certification,"Stainless, steel, butt, hinges",Product Certification (Scheme I),https://www.bis.gov.in/product-certification/products-under-compulsory-certification/scheme-i-mark-scheme/?lang=en
IS 1341:2018,Steel Butt Hinges,2018,Mandatory (QCO),Compulsory Certification,"Steel, Butt, Hinges",Product Certification (Scheme I),https://www.bis.gov.in/product-certification/products-under-compulsory-certification/scheme-i-mark-scheme/?lang=en
IS 205:1992,Non-ferrous metal butt hinges,1992,Mandatory (QCO),Compulsory Certification,"ferrous, metal, butt, hinges",Product Certification (Scheme I),https://www.bis.gov.in/product-certification/products-under-compulsory-certification/scheme-i-mark-scheme/?lang=en
IS 206:2010,Tee and strap hinges,2010,Mandatory (QCO),Compulsory Certification,"strap, hinges",Product Certification (Scheme I),https://www.bis.gov.in/product-certification/products-under-compulsory-certification/scheme-i-mark-scheme/?lang=en
IS 362:1991,Parliament hinges,1991,Mandatory (QCO),Compulsory Certification,"Parliament, hinges",Product Certification (Scheme I),https://www.bis.gov.in/product-certification/products-under-compulsory-certification/scheme-i-mark-scheme/?lang=en
IS 3818:1992,Continuous (Piano) hinges,1992,Mandatory (QCO),Compulsory Certification,"Continuous, Piano, hinges",Product Certification (Scheme I),https://www.bis.gov.in/product-certification/products-under-compulsory-certification/scheme-i-mark-scheme/?lang=en
IS 3843:1995,Steel back flap hinges,1995,Mandatory (QCO),Compulsory Certification,"Steel, back, flap, hinges",Product Certification (Scheme I),https://www.bis.gov.in/product-certification/products-under-compulsory-certification/scheme-i-mark-scheme/?lang=en
IS 453:1993,Double-acting spring hinges,1993,Mandatory (QCO),Compulsory Certification,"Double, acting, spring, hinges",Product Certification (Scheme I),https://www.bis.gov.in/product-certification/products-under-compulsory-certification/scheme-i-mark-scheme/?lang=en
IS 18297:2023,Cabinet hinges,2023,Mandatory (QCO),Compulsory Certification,"Cabinet, hinges",Product Certification (Scheme I),https://www.bis.gov.in/product-certification/products-under-compulsory-certification/scheme-i-mark-scheme/?lang=en
IS 2414:2005,Cycle and Rickshaw Pneumatic Tyres,2005,Mandatory (QCO),Compulsory Certification,"Cycle, Rickshaw, Pneumatic, Tyres",Product Certification (Scheme I),https://www.bis.gov.in/product-certification/products-under-compulsory-certification/scheme-i-mark-scheme/?lang=en
IS 2415 :2015,Cycle – Rubber Tubes (Moulded or Jointed),2015,Mandatory (QCO),Compulsory Certification,"Cycle, Rubber, Tubes, Moulded, Jointed",Product Certification (Scheme I),https://www.bis.gov.in/product-certification/products-under-compulsory-certification/scheme-i-mark-scheme/?lang=en
IS 7466 :1994,Rubber Gaskets for Pressure Cookers,1994,Mandatory (QCO),Compulsory Certification,"Rubber, Gaskets, Pressure, Cookers",Product Certification (Scheme I),https://www.bis.gov.in/product-certification/products-under-compulsory-certification/scheme-i-mark-scheme/?lang=en
IS 878 :2008,Laboratory glassware – Graduated measuring cylinders,2008,Mandatory (QCO),Compulsory Certification,"Laboratory, glassware, Graduated, measuring, cylinders",Product Certification (Scheme I),https://www.bis.gov.in/product-certification/products-under-compulsory-certification/scheme-i-mark-scheme/?lang=en
IS 915:2012,Laboratory glassware – One – Mark volumetric flasks,2012,Mandatory (QCO),Compulsory Certification,"Laboratory, glassware, Mark, volumetric, flasks",Product Certification (Scheme I),https://www.bis.gov.in/product-certification/products-under-compulsory-certification/scheme-i-mark-scheme/?lang=en
IS 1381 (Part 1):2003,Laboratory glassware – Narrow-necked boiling flasks,2003,Mandatory (QCO),Compulsory Certification,"Laboratory, glassware, Narrow, necked, boiling, flasks",Product Certification (Scheme I),https://www.bis.gov.in/product-certification/products-under-compulsory-certification/scheme-i-mark-scheme/?lang=en
IS 1117:2018,Laboratory glassware – Single volume pipettes,2018,Mandatory (QCO),Compulsory Certification,"Laboratory, glassware, Single, volume, pipettes",Product Certification (Scheme I),https://www.bis.gov.in/product-certification/products-under-compulsory-certification/scheme-i-mark-scheme/?lang=en
IS 2619:2018,Glass beakers,2018,Mandatory (QCO),Compulsory Certification,"Glass, beakers",Product Certification (Scheme I),https://www.bis.gov.in/product-certification/products-under-compulsory-certification/scheme-i-mark-scheme/?lang=en
IS 14772: 2020,Boxes and Enclosures for Electrical Accessories for Household and Similar Fixed Electrical Installations,2020,Mandatory (QCO),Compulsory Certification,"Boxes, Enclosures, Electrical, Accessories, Household, Similar",Product Certification (Scheme I),https://www.bis.gov.in/product-certification/products-under-compulsory-certification/scheme-i-mark-scheme/?lang=en
IS 14927 (Part 2): 2001,Cable Trunking and Ducting Systems for Electrical Installations – Cable Trunking and Ducting Systems Intended for Mounting on Walls or Ceiling,2001,Mandatory (QCO),Compulsory Certification,"Cable, Trunking, Ducting, Systems, Electrical, Installations",Product Certification (Scheme I),https://www.bis.gov.in/product-certification/products-under-compulsory-certification/scheme-i-mark-scheme/?lang=en
IS 1258: 2005,Bayonet Lamp Holders,2005,Mandatory (QCO),Compulsory Certification,"Bayonet, Lamp, Holders",Product Certification (Scheme I),https://www.bis.gov.in/product-certification/products-under-compulsory-certification/scheme-i-mark-scheme/?lang=en
IS 15787: 2008,Switch-socket-outlets (non-interlock type),2008,Mandatory (QCO),Compulsory Certification,"Switch, socket, outlets, interlock, type",Product Certification (Scheme I),https://www.bis.gov.in/product-certification/products-under-compulsory-certification/scheme-i-mark-scheme/?lang=en
IS 13774:2021,Live Working Gloves of Insulating Material,2021,Mandatory (QCO),Compulsory Certification,"Live, Working, Gloves, Insulating, Material",Product Certification (Scheme I),https://www.bis.gov.in/product-certification/products-under-compulsory-certification/scheme-i-mark-scheme/?lang=en
IS 15652:2006,Insulating Mats for Electrical Purposes,2006,Mandatory (QCO),Compulsory Certification,"Insulating, Mats, Electrical, Purposes",Product Certification (Scheme I),https://www.bis.gov.in/product-certification/products-under-compulsory-certification/scheme-i-mark-scheme/?lang=en
IS 7809 (Part3/ Sec1): 1986,Specification for Pressure sensitive adhesive insulating tapes for electrical purposes- Part 3 requirements or individual materials – Sec 1 plasticized polyvinylchloride tapes with non- Thermosetting adhesive,1986,Mandatory (QCO),Compulsory Certification,"Specification, Pressure, sensitive, adhesive, insulating, tapes",Product Certification (Scheme I),https://www.bis.gov.in/product-certification/products-under-compulsory-certification/scheme-i-mark-scheme/?lang=en
IS 16012: 2012,Poly- Laminated aluminium cable wrap,2012,Mandatory (QCO),Compulsory Certification,"Poly, Laminated, aluminium, cable, wrap",Product Certification (Scheme I),https://www.bis.gov.in/product-certification/products-under-compulsory-certification/scheme-i-mark-scheme/?lang=en
IS 17658:2021,Poly Vinyl Chloride (PVC) Homopolymers,2021,Mandatory (QCO),Compulsory Certification,"Poly, Vinyl, Chloride, Homopolymers",Product Certification (Scheme I),https://www.bis.gov.in/product-certification/products-under-compulsory-certification/scheme-i-mark-scheme/?lang=en
IS 10951: 2020,Polypropylene (PP) Materials for Moulding and Extrusion,2020,Mandatory (QCO),Compulsory Certification,"Polypropylene, Materials, Moulding, Extrusion",Product Certification (Scheme I),https://www.bis.gov.in/product-certification/products-under-compulsory-certification/scheme-i-mark-scheme/?lang=en
IS 17042 (Part-1): 2018,Diesel Engines – NOx Reduction Agent AUS 32,2018,Mandatory (QCO),Compulsory Certification,"Diesel, Engines, Reduction, Agent",Product Certification (Scheme I),https://www.bis.gov.in/product-certification/products-under-compulsory-certification/scheme-i-mark-scheme/?lang=en
IS 3315:2019,Evaporative Air Coolers (Desert Coolers),2019,Mandatory (QCO),Compulsory Certification,"Evaporative, Coolers, Desert",Product Certification (Scheme I),https://www.bis.gov.in/product-certification/products-under-compulsory-certification/scheme-i-mark-scheme/?lang=en
IS 17570 (Part 1): 2021 ISO 16890-2: 2016,Air Filters for general ventilation – Technical specifications requirements and classification system based upon particulate matter efficiency (ePM),2021,Mandatory (QCO),Compulsory Certification,"Filters, general, ventilation, Technical, specifications, requirements",Product Certification (Scheme I),https://www.bis.gov.in/product-certification/products-under-compulsory-certification/scheme-i-mark-scheme/?lang=en
IS 302 (Part 2/Sec 9): 2009,"Safety of household and similar electrical appliances – particular requirements – toasters, grills, roasters and similar appliances",2009,Mandatory (QCO),Compulsory Certification,"Safety, household, similar, electrical, appliances, particular",Product Certification (Scheme I),https://www.bis.gov.in/product-certification/products-under-compulsory-certification/scheme-i-mark-scheme/?lang=en
IS 302 (Part 2/Sec 31): 2009,Safety of household and similar electrical appliances – particular requirements – range hoods,2009,Mandatory (QCO),Compulsory Certification,"Safety, household, similar, electrical, appliances, particular",Product Certification (Scheme I),https://www.bis.gov.in/product-certification/products-under-compulsory-certification/scheme-i-mark-scheme/?lang=en
IS 302 (Part 2/Sec 23): 2009,Safety of household and similar electrical appliances – particular requirements – appliances for skin or hair care,2009,Mandatory (QCO),Compulsory Certification,"Safety, household, similar, electrical, appliances, particular",Product Certification (Scheme I),https://www.bis.gov.in/product-certification/products-under-compulsory-certification/scheme-i-mark-scheme/?lang=en
IS 302 (Part 2/ Sec 80): 2017,Household and similar electrical appliances – Safety – particular requirements for fans,2017,Mandatory (QCO),Compulsory Certification,"Household, similar, electrical, appliances, Safety, particular",Product Certification (Scheme I),https://www.bis.gov.in/product-certification/products-under-compulsory-certification/scheme-i-mark-scheme/?lang=en
IS 302 (Part 2/Sec 75): 2018,Safety of Household and Similar Electrical Appliances – Particular Requirements – Commercial Dispensing Appliances and Vending Machines,2018,Mandatory (QCO),Compulsory Certification,"Safety, Household, Similar, Electrical, Appliances, Particular",Product Certification (Scheme I),https://www.bis.gov.in/product-certification/products-under-compulsory-certification/scheme-i-mark-scheme/?lang=en
IS 302 (Part 2/Sec 7): 2010,Safety of household and similar electrical appliances – particular requirements – domestic electric clothes washing machines,2010,Mandatory (QCO),Compulsory Certification,"Safety, household, similar, electrical, appliances, particular",Product Certification (Scheme I),https://www.bis.gov.in/product-certification/products-under-compulsory-certification/scheme-i-mark-scheme/?lang=en
IS 459:1992,Corrugated and Semi – Corrugated Asbestos Cement Sheets,1992,Mandatory (QCO),Compulsory Certification,"Corrugated, Semi, Asbestos, Cement, Sheets",Product Certification (Scheme I),https://www.bis.gov.in/product-certification/products-under-compulsory-certification/scheme-i-mark-scheme/?lang=en
IS 1592:2003,Asbestos Cement Pressure Pipes and Joints,2003,Mandatory (QCO),Compulsory Certification,"Asbestos, Cement, Pressure, Pipes, Joints",Product Certification (Scheme I),https://www.bis.gov.in/product-certification/products-under-compulsory-certification/scheme-i-mark-scheme/?lang=en
IS 2096:1992,Asbestos Cement Flat Sheets,2096,Mandatory (QCO),Compulsory Certification,"Asbestos, Cement, Flat, Sheets",Product Certification (Scheme I),https://www.bis.gov.in/product-certification/products-under-compulsory-certification/scheme-i-mark-scheme/?lang=en
IS 2098:1997,Asbestos Cement Building Boards,2098,Mandatory (QCO),Compulsory Certification,"Asbestos, Cement, Building, Boards",Product Certification (Scheme I),https://www.bis.gov.in/product-certification/products-under-compulsory-certification/scheme-i-mark-scheme/?lang=en
IS 6908:1991,Asbestos – Cement Pipes and Fittings for Sewerage and Drainage,1991,Mandatory (QCO),Compulsory Certification,"Asbestos, Cement, Pipes, Fittings, Sewerage, Drainage",Product Certification (Scheme I),https://www.bis.gov.in/product-certification/products-under-compulsory-certification/scheme-i-mark-scheme/?lang=en
IS 13000:1990,Silica-Asbestos-Cement Flat Sheets,1990,Mandatory (QCO),Compulsory Certification,"Silica, Asbestos, Cement, Flat, Sheets",Product Certification (Scheme I),https://www.bis.gov.in/product-certification/products-under-compulsory-certification/scheme-i-mark-scheme/?lang=en
IS 8870:1978,Asbestos Cement Cable Conduits and Troughs,1978,Mandatory (QCO),Compulsory Certification,"Asbestos, Cement, Cable, Conduits, Troughs",Product Certification (Scheme I),https://www.bis.gov.in/product-certification/products-under-compulsory-certification/scheme-i-mark-scheme/?lang=en
IS 9627:1980,Asbestos Cement Pressure Pipes (Light Duty),1980,Mandatory (QCO),Compulsory Certification,"Asbestos, Cement, Pressure, Pipes, Light, Duty",Product Certification (Scheme I),https://www.bis.gov.in/product-certification/products-under-compulsory-certification/scheme-i-mark-scheme/?lang=en
IS 13008:1990,Shallow Corrugated Asbestos Cement Sheets,1990,Mandatory (QCO),Compulsory Certification,"Shallow, Corrugated, Asbestos, Cement, Sheets",Product Certification (Scheme I),https://www.bis.gov.in/product-certification/products-under-compulsory-certification/scheme-i-mark-scheme/?lang=en
IS 14862:2000,Fibre Cement Flat Sheets,2000,Mandatory (QCO),Compulsory Certification,"Fibre, Cement, Flat, Sheets",Product Certification (Scheme I),https://www.bis.gov.in/product-certification/products-under-compulsory-certification/scheme-i-mark-scheme/?lang=en
IS 14871:2000,Fibre Reinforced Cement Products – Long Corrugated or Asymmetrical Section Sheets and Fittings for Roofing and Cladding,2000,Mandatory (QCO),Compulsory Certification,"Fibre, Reinforced, Cement, Products, Long, Corrugated",Product Certification (Scheme I),https://www.bis.gov.in/product-certification/products-under-compulsory-certification/scheme-i-mark-scheme/?lang=en
IS 2373:1981,Water meters (bulk type),1981,Mandatory (QCO),Compulsory Certification,"Water, meters, bulk, type",Product Certification (Scheme I),https://www.bis.gov.in/product-certification/products-under-compulsory-certification/scheme-i-mark-scheme/?lang=en
IS 779: 1994,Water meters (domestic type),1994,Mandatory (QCO),Compulsory Certification,"Water, meters, domestic, type",Product Certification (Scheme I),https://www.bis.gov.in/product-certification/products-under-compulsory-certification/scheme-i-mark-scheme/?lang=en
IS 2692: 1989,Ferrules for water services,1989,Mandatory (QCO),Compulsory Certification,"Ferrules, water, services",Product Certification (Scheme I),https://www.bis.gov.in/product-certification/products-under-compulsory-certification/scheme-i-mark-scheme/?lang=en
IS 2095 (Part 1):2011,Gypsum plaster boards – Specification: Part 1 plain gypsum plaster boards,2095,Mandatory (QCO),Compulsory Certification,"Gypsum, plaster, boards, Specification, Part, plain",Product Certification (Scheme I),https://www.bis.gov.in/product-certification/products-under-compulsory-certification/scheme-i-mark-scheme/?lang=en
IS 17400:2021,Glass Fibre Reinforced Gypsum Panels,2021,Mandatory (QCO),Compulsory Certification,"Glass, Fibre, Reinforced, Gypsum, Panels",Product Certification (Scheme I),https://www.bis.gov.in/product-certification/products-under-compulsory-certification/scheme-i-mark-scheme/?lang=en
IS 2095 (Part 2): 2022,Gypsum Plaster Boards – Coated/ Laminated Gypsum Plaster Boards,2095,Mandatory (QCO),Compulsory Certification,"Gypsum, Plaster, Boards, Coated, Laminated",Product Certification (Scheme I),https://www.bis.gov.in/product-certification/products-under-compulsory-certification/scheme-i-mark-scheme/?lang=en
IS 2095 (Part 3):2022,Gypsum Plaster Boards – Reinforced Gypsum Plaster Boards and Ceiling Tiles,2095,Mandatory (QCO),Compulsory Certification,"Gypsum, Plaster, Boards, Reinforced, Ceiling, Tiles",Product Certification (Scheme I),https://www.bis.gov.in/product-certification/products-under-compulsory-certification/scheme-i-mark-scheme/?lang=en
IS 302 (Part 2/Sec 21): 2018,Appliances for stationary storage type electric water heaters,2018,Mandatory (QCO),Compulsory Certification,"Appliances, stationary, storage, type, electric, water",Product Certification (Scheme I),https://www.bis.gov.in/product-certification/products-under-compulsory-certification/scheme-i-mark-scheme/?lang=en
IS 302 (Part 2/Sec 35): 2017,Appliances for electric instantaneous water heaters,2017,Mandatory (QCO),Compulsory Certification,"Appliances, electric, instantaneous, water, heaters",Product Certification (Scheme I),https://www.bis.gov.in/product-certification/products-under-compulsory-certification/scheme-i-mark-scheme/?lang=en
IS 368: 2014,Electric Immersion Water Heaters,2014,Mandatory (QCO),Compulsory Certification,"Electric, Immersion, Water, Heaters",Product Certification (Scheme I),https://www.bis.gov.in/product-certification/products-under-compulsory-certification/scheme-i-mark-scheme/?lang=en
IS 2082: 2018,Stationary storage type electric water heaters,2082,Mandatory (QCO),Compulsory Certification,"Stationary, storage, type, electric, water, heaters",Product Certification (Scheme I),https://www.bis.gov.in/product-certification/products-under-compulsory-certification/scheme-i-mark-scheme/?lang=en
IS 17150: 2019,Mini domestic water heater for use with piped natural gas (PNG)s,2019,Mandatory (QCO),Compulsory Certification,"Mini, domestic, water, heater, with, piped",Product Certification (Scheme I),https://www.bis.gov.in/product-certification/products-under-compulsory-certification/scheme-i-mark-scheme/?lang=en
IS 2494 (Part 1): 1994,V-Belts – Endless V-Belts for Industrial Purposes – General Purpose,1994,Mandatory (QCO),Compulsory Certification,"Belts, Endless, Industrial, Purposes, General, Purpose",Product Certification (Scheme I),https://www.bis.gov.in/product-certification/products-under-compulsory-certification/scheme-i-mark-scheme/?lang=en
IS 2494 (Part 2): 1993,V-Belts – Endless V-Belts for Industrial Purposes – fire resistant and antistatic V-Belts,1993,Mandatory (QCO),Compulsory Certification,"Belts, Endless, Industrial, Purposes, fire, resistant",Product Certification (Scheme I),https://www.bis.gov.in/product-certification/products-under-compulsory-certification/scheme-i-mark-scheme/?lang=en
IS 14261: 1995,Transmission Devices – V – Belts endless narrow V-Belts for industrial use,1995,Mandatory (QCO),Compulsory Certification,"Transmission, Devices, Belts, endless, narrow, industrial",Product Certification (Scheme I),https://www.bis.gov.in/product-certification/products-under-compulsory-certification/scheme-i-mark-scheme/?lang=en
IS 17954:2023,Telescopic Ball Bearing Drawer Slide,2023,Mandatory (QCO),Compulsory Certification,"Telescopic, Ball, Bearing, Drawer, Slide",Product Certification (Scheme I),https://www.bis.gov.in/product-certification/products-under-compulsory-certification/scheme-i-mark-scheme/?lang=en
IS 18471 (Part 1) : 2023/ ISO 15481:1999,Fasteners – Cross Recessed Drilling Screws with Tapping Screw Thread Part 1 Pan Head,2023,Mandatory (QCO),Compulsory Certification,"Fasteners, Cross, Recessed, Drilling, Screws, with",Product Certification (Scheme I),https://www.bis.gov.in/product-certification/products-under-compulsory-certification/scheme-i-mark-scheme/?lang=en
IS 18471 (Part 2) :2023/ ISO 15482:1999,Fasteners – Cross Recessed Drilling Screws with Tapping Screw Thread Part 2 Countersunk Head,2023,Mandatory (QCO),Compulsory Certification,"Fasteners, Cross, Recessed, Drilling, Screws, with",Product Certification (Scheme I),https://www.bis.gov.in/product-certification/products-under-compulsory-certification/scheme-i-mark-scheme/?lang=en
IS 18471 (Part 3) :2023/ ISO 15483:1999,Fasteners – Cross Recessed Drilling Screws with Tapping Screw Thread Part 3 Raised Countersunk Head,2023,Mandatory (QCO),Compulsory Certification,"Fasteners, Cross, Recessed, Drilling, Screws, with",Product Certification (Scheme I),https://www.bis.gov.in/product-certification/products-under-compulsory-certification/scheme-i-mark-scheme/?lang=en
IS 18476 : 2023/ ISO 15480:2019,Fasteners – Hexagon Washer Head Drilling Screws with Tapping Screw Thread,2023,Mandatory (QCO),Compulsory Certification,"Fasteners, Hexagon, Washer, Head, Drilling, Screws",Product Certification (Scheme I),https://www.bis.gov.in/product-certification/products-under-compulsory-certification/scheme-i-mark-scheme/?lang=en
IS 18480 (Part 1) :2023/ ISO 7049 : 2011,Cross Recessed Tapping Screws: Part 1 Pan Head,2023,Mandatory (QCO),Compulsory Certification,"Cross, Recessed, Tapping, Screws, Part, Head",Product Certification (Scheme I),https://www.bis.gov.in/product-certification/products-under-compulsory-certification/scheme-i-mark-scheme/?lang=en
IS 18480 (Part 2) :2023/ ISO 7050 : 2011,Cross Recessed Tapping Screws Part 2 Countersunk Flat Head,2023,Mandatory (QCO),Compulsory Certification,"Cross, Recessed, Tapping, Screws, Part, Countersunk",Product Certification (Scheme I),https://www.bis.gov.in/product-certification/products-under-compulsory-certification/scheme-i-mark-scheme/?lang=en
IS 18480 (Part 3) :2023/ ISO 7051 : 2011,Cross Recessed Tapping Screw Part 3 Raised Countersunk Oval Head,2023,Mandatory (QCO),Compulsory Certification,"Cross, Recessed, Tapping, Screw, Part, Raised",Product Certification (Scheme I),https://www.bis.gov.in/product-certification/products-under-compulsory-certification/scheme-i-mark-scheme/?lang=en
IS 7483 : 2018/ ISO 7045 : 2011,Pan Head Screws With Type H or Type Z Cross Recess – Product Grade A,2018,Mandatory (QCO),Compulsory Certification,"Head, Screws, With, Type, Cross, Recess",Product Certification (Scheme I),https://www.bis.gov.in/product-certification/products-under-compulsory-certification/scheme-i-mark-scheme/?lang=en
IS 7485 (Part 1) : 2018/ ISO 7046 -1 : 2011,Countersunk Flat Head Screws (Common head Style) With Type H or Type Z Cross Recess – Product Grade A Part 1 Steel Screws of Property Class 4.8,2018,Mandatory (QCO),Compulsory Certification,"Countersunk, Flat, Head, Screws, Common, head",Product Certification (Scheme I),https://www.bis.gov.in/product-certification/products-under-compulsory-certification/scheme-i-mark-scheme/?lang=en
7485 (Part 2) : 2018/ISO 7046-2 : 2011,"Countersunk flat head screws (common head style) with type H or Type Z Cross Recess – Product Grade A part 2 Steel Screws of Property Class 8.8, Stainless Steel Screws and Non – Ferrous Metal Screws",2018,Mandatory (QCO),Compulsory Certification,"Countersunk, flat, head, screws, common, style",Product Certification (Scheme I),https://www.bis.gov.in/product-certification/products-under-compulsory-certification/scheme-i-mark-scheme/?lang=en
IS 7486 : 2018/ ISO 7047 : 2011,Raised countersunk head screws (Common Head Style) with type H or type Z cross recess – Product grade A,2018,Mandatory (QCO),Compulsory Certification,"Raised, countersunk, head, screws, Common, Head",Product Certification (Scheme I),https://www.bis.gov.in/product-certification/products-under-compulsory-certification/scheme-i-mark-scheme/?lang=en
IS 18507 : 2024,Drywall Screws – Specification,2024,Mandatory (QCO),Compulsory Certification,"Drywall, Screws, Specification",Product Certification (Scheme I),https://www.bis.gov.in/product-certification/products-under-compulsory-certification/scheme-i-mark-scheme/?lang=en
IS 18508 : 2024,Chipboard Screws – Specification,2024,Mandatory (QCO),Compulsory Certification,"Chipboard, Screws, Specification",Product Certification (Scheme I),https://www.bis.gov.in/product-certification/products-under-compulsory-certification/scheme-i-mark-scheme/?lang=en
IS 18509 : 2023,Cross-recessed Countersunk Head Wood Screws – Specification,2023,Mandatory (QCO),Compulsory Certification,"Cross, recessed, Countersunk, Head, Wood, Screws",Product Certification (Scheme I),https://www.bis.gov.in/product-certification/products-under-compulsory-certification/scheme-i-mark-scheme/?lang=en
IS 302 (Part 1) : 2024 IEC 60335-1:2020,All Electrical AppliancesVacuum Cleaners and Water Suction Cleaning Appliances,2024,Mandatory (QCO),Compulsory Certification,"Electrical, AppliancesVacuum, Cleaners, Water, Suction, Cleaning",Product Certification (Scheme I),https://www.bis.gov.in/product-certification/products-under-compulsory-certification/scheme-i-mark-scheme/?lang=en
IS 4123:1982,Chain Pipe Wrenches,1982,Mandatory (QCO),Compulsory Certification,"Chain, Pipe, Wrenches",Product Certification (Scheme I),https://www.bis.gov.in/product-certification/products-under-compulsory-certification/scheme-i-mark-scheme/?lang=en
IS 4508:1992,Open Ended Slugging Wrenches (Spanners),1992,Mandatory (QCO),Compulsory Certification,"Open, Ended, Slugging, Wrenches, Spanners",Product Certification (Scheme I),https://www.bis.gov.in/product-certification/products-under-compulsory-certification/scheme-i-mark-scheme/?lang=en
IS 4509:1992,Ring Slugging Wrenches (Spanners),1992,Mandatory (QCO),Compulsory Certification,"Ring, Slugging, Wrenches, Spanners",Product Certification (Scheme I),https://www.bis.gov.in/product-certification/products-under-compulsory-certification/scheme-i-mark-scheme/?lang=en
IS 6149:1984,Single-ended Open-jaw Adjustable Wrenches,1984,Mandatory (QCO),Compulsory Certification,"Single, ended, Open, Adjustable, Wrenches",Product Certification (Scheme I),https://www.bis.gov.in/product-certification/products-under-compulsory-certification/scheme-i-mark-scheme/?lang=en
IS 2028:2004,Open-Jaw Wrenches (Spanners),2028,Mandatory (QCO),Compulsory Certification,"Open, Wrenches, Spanners",Product Certification (Scheme I),https://www.bis.gov.in/product-certification/products-under-compulsory-certification/scheme-i-mark-scheme/?lang=en
IS 2029:1998,Ring Wrenches (Spanners),2029,Mandatory (QCO),Compulsory Certification,"Ring, Wrenches, Spanners",Product Certification (Scheme I),https://www.bis.gov.in/product-certification/products-under-compulsory-certification/scheme-i-mark-scheme/?lang=en
IS 4003 (Part 1): 1978,Pipe Wrenches –General Purpose,1978,Mandatory (QCO),Compulsory Certification,"Pipe, Wrenches, General, Purpose",Product Certification (Scheme I),https://www.bis.gov.in/product-certification/products-under-compulsory-certification/scheme-i-mark-scheme/?lang=en
IS 4003 (Part 2): 1986,Pipe Wrenches – Heavy Duty,1986,Mandatory (QCO),Compulsory Certification,"Pipe, Wrenches, Heavy, Duty",Product Certification (Scheme I),https://www.bis.gov.in/product-certification/products-under-compulsory-certification/scheme-i-mark-scheme/?lang=en
IS 3650:1981,Combination Side Cutting Pliers,1981,Mandatory (QCO),Compulsory Certification,"Combination, Side, Cutting, Pliers",Product Certification (Scheme I),https://www.bis.gov.in/product-certification/products-under-compulsory-certification/scheme-i-mark-scheme/?lang=en
IS 15041:2001,Textiles – Flat woven webbing slings made of man-made fibres for general services,2001,Mandatory (QCO),Compulsory Certification,"Textiles, Flat, woven, webbing, slings, made",Product Certification (Scheme I),https://www.bis.gov.in/product-certification/products-under-compulsory-certification/scheme-i-mark-scheme/?lang=en
IS 1084:2005,Textiles — Manila Ropes — Specification,2005,Mandatory (QCO),Compulsory Certification,"Textiles, Manila, Ropes, Specification",Product Certification (Scheme I),https://www.bis.gov.in/product-certification/products-under-compulsory-certification/scheme-i-mark-scheme/?lang=en
IS 11066:2022,"Fibre Ropes — Polyester — 3-, 4-, 8- and 12- Strand Ropes",2022,Mandatory (QCO),Compulsory Certification,"Fibre, Ropes, Polyester, Strand",Product Certification (Scheme I),https://www.bis.gov.in/product-certification/products-under-compulsory-certification/scheme-i-mark-scheme/?lang=en
IS 14928:2001,Textiles — Composite Synthetic Fibre Ropes — Specification,2001,Mandatory (QCO),Compulsory Certification,"Textiles, Composite, Synthetic, Fibre, Ropes, Specification",Product Certification (Scheme I),https://www.bis.gov.in/product-certification/products-under-compulsory-certification/scheme-i-mark-scheme/?lang=en
IS 14929: 2022,Mixed Polyolefin Fibre Ropes,2022,Mandatory (QCO),Compulsory Certification,"Mixed, Polyolefin, Fibre, Ropes",Product Certification (Scheme I),https://www.bis.gov.in/product-certification/products-under-compulsory-certification/scheme-i-mark-scheme/?lang=en
IS 1804:2004,Steel wire ropes – Fibre main cores – Specification,2004,Mandatory (QCO),Compulsory Certification,"Steel, wire, ropes, Fibre, main, cores",Product Certification (Scheme I),https://www.bis.gov.in/product-certification/products-under-compulsory-certification/scheme-i-mark-scheme/?lang=en
IS 4572:2022,"Fibre Ropes — Polyamide — 3-, 4-, 8- and 12- Strand Ropes",2022,Mandatory (QCO),Compulsory Certification,"Fibre, Ropes, Polyamide, Strand",Product Certification (Scheme I),https://www.bis.gov.in/product-certification/products-under-compulsory-certification/scheme-i-mark-scheme/?lang=en
IS 5175:2022,"Fibre Ropes — Polypropylene Split Film, Monofilament And Multifilament ( PP2 ) and Polypropylene High-Tenacity Multifilament ( PP3 ) —3-, 4-, 8- and 12- Strand Ropes",2022,Mandatory (QCO),Compulsory Certification,"Fibre, Ropes, Polypropylene, Split, Film, Monofilament",Product Certification (Scheme I),https://www.bis.gov.in/product-certification/products-under-compulsory-certification/scheme-i-mark-scheme/?lang=en
IS 8674 : 2013,Fibre Ropes — Polyethylene —3- And 4-Strand Ropes,2013,Mandatory (QCO),Compulsory Certification,"Fibre, Ropes, Polyethylene, Strand",Product Certification (Scheme I),https://www.bis.gov.in/product-certification/products-under-compulsory-certification/scheme-i-mark-scheme/?lang=en
IS 17609 : 2021,Fibre Ropes Of Polyester / Polyolefin dual Fibres,2021,Mandatory (QCO),Compulsory Certification,"Fibre, Ropes, Polyester, Polyolefin, dual, Fibres",Product Certification (Scheme I),https://www.bis.gov.in/product-certification/products-under-compulsory-certification/scheme-i-mark-scheme/?lang=en
IS 12933 (Part 1): 2003IS 12933 (Part 2): 2003,Solar Flat Plate Collector for Solar Water Heating Systems,2003,Mandatory (QCO),Compulsory Certification,"Solar, Flat, Plate, Collector, Water, Heating",Product Certification (Scheme I),https://www.bis.gov.in/product-certification/products-under-compulsory-certification/scheme-i-mark-scheme/?lang=en
IS 16544: 2016,All Glass Evacuated Tubes Solar Water Heating System,2016,Mandatory (QCO),Compulsory Certification,"Glass, Evacuated, Tubes, Solar, Water, Heating",Product Certification (Scheme I),https://www.bis.gov.in/product-certification/products-under-compulsory-certification/scheme-i-mark-scheme/?lang=en
IS 16542: 2016,Storage Water Tank for All Glass Evacuated Tubes Solar Water Heating Systems,2016,Mandatory (QCO),Compulsory Certification,"Storage, Water, Tank, Glass, Evacuated, Tubes",Product Certification (Scheme I),https://www.bis.gov.in/product-certification/products-under-compulsory-certification/scheme-i-mark-scheme/?lang=en
IS 8637 : 2020,H Acid,2020,Mandatory (QCO),Compulsory Certification,Acid,Product Certification (Scheme I),https://www.bis.gov.in/product-certification/products-under-compulsory-certification/scheme-i-mark-scheme/?lang=en
IS 11557: 1986,K Acid,1986,Mandatory (QCO),Compulsory Certification,Acid,Product Certification (Scheme I),https://www.bis.gov.in/product-certification/products-under-compulsory-certification/scheme-i-mark-scheme/?lang=en
IS 18340 : 2023,Vinyl Sulphone,2023,Mandatory (QCO),Compulsory Certification,"Vinyl, Sulphone",Product Certification (Scheme I),https://www.bis.gov.in/product-certification/products-under-compulsory-certification/scheme-i-mark-scheme/?lang=en
IS 302-2-76:1999,Safety of Household and similar electrical appliances – Part 2 particular requirement Sec 76 electric fence energizers,1999,Mandatory (QCO),Compulsory Certification,"Safety, Household, similar, electrical, appliances, Part",Product Certification (Scheme I),https://www.bis.gov.in/product-certification/products-under-compulsory-certification/scheme-i-mark-scheme/?lang=en
IS 2083:2024,Flashlight – Specification,2083,Mandatory (QCO),Compulsory Certification,"Flashlight, Specification",Product Certification (Scheme I),https://www.bis.gov.in/product-certification/products-under-compulsory-certification/scheme-i-mark-scheme/?lang=en
IS 17875: 2022,Stainless Steel Seamless pipes and tubes for general service,2022,Mandatory (QCO),Compulsory Certification,"Stainless, Steel, Seamless, pipes, tubes, general",Product Certification (Scheme I),https://www.bis.gov.in/product-certification/products-under-compulsory-certification/scheme-i-mark-scheme/?lang=en
IS 17876: 2022,Stainless Steel Welded pipes and tubes for general service,2022,Mandatory (QCO),Compulsory Certification,"Stainless, Steel, Welded, pipes, tubes, general",Product Certification (Scheme I),https://www.bis.gov.in/product-certification/products-under-compulsory-certification/scheme-i-mark-scheme/?lang=en
IS 17631: 2022,Work chairs,2022,Mandatory (QCO),Compulsory Certification,"Work, chairs",Product Certification (Scheme I),https://www.bis.gov.in/product-certification/products-under-compulsory-certification/scheme-i-mark-scheme/?lang=en
IS 17632: 2022,General purpose chairs and stools,2022,Mandatory (QCO),Compulsory Certification,"General, purpose, chairs, stools",Product Certification (Scheme I),https://www.bis.gov.in/product-certification/products-under-compulsory-certification/scheme-i-mark-scheme/?lang=en
IS 17633: 2022,Tables and desks,2022,Mandatory (QCO),Compulsory Certification,"Tables, desks",Product Certification (Scheme I),https://www.bis.gov.in/product-certification/products-under-compulsory-certification/scheme-i-mark-scheme/?lang=en
IS 17634: 2022,Storage units,2022,Mandatory (QCO),Compulsory Certification,"Storage, units",Product Certification (Scheme I),https://www.bis.gov.in/product-certification/products-under-compulsory-certification/scheme-i-mark-scheme/?lang=en
IS 17635: 2022,Beds,2022,Mandatory (QCO),Compulsory Certification,Beds,Product Certification (Scheme I),https://www.bis.gov.in/product-certification/products-under-compulsory-certification/scheme-i-mark-scheme/?lang=en
IS 17636: 2022,Bunk beds,2022,Mandatory (QCO),Compulsory Certification,"Bunk, beds",Product Certification (Scheme I),https://www.bis.gov.in/product-certification/products-under-compulsory-certification/scheme-i-mark-scheme/?lang=en
IS 2782: 2023,Refined Nickel,2023,Mandatory (QCO),Compulsory Certification,"Refined, Nickel",Product Certification (Scheme I),https://www.bis.gov.in/product-certification/products-under-compulsory-certification/scheme-i-mark-scheme/?lang=en
IS 27: 2023,Primary Lead,2023,Mandatory (QCO),Compulsory Certification,"Primary, Lead",Product Certification (Scheme I),https://www.bis.gov.in/product-certification/products-under-compulsory-certification/scheme-i-mark-scheme/?lang=en
IS 209: 2024,Refined Zinc,2024,Mandatory (QCO),Compulsory Certification,"Refined, Zinc",Product Certification (Scheme I),https://www.bis.gov.in/product-certification/products-under-compulsory-certification/scheme-i-mark-scheme/?lang=en
IS 26: 2024,Tin Ingot,2024,Mandatory (QCO),Compulsory Certification,Ingot,Product Certification (Scheme I),https://www.bis.gov.in/product-certification/products-under-compulsory-certification/scheme-i-mark-scheme/?lang=en
